video_id,label
1000159621_1.mp4,1
1000159621_2.mp4,2
1005454012_1.mp4,1
1005454012_2.mp4,2
1005454012_3.mp4,3
1005454012_4.mp4,3
1008442025_1.mp4,1
1008442025_2.mp4,2
1010125904_2.mp4,1
1010125904_3.mp4,2
1010125904_4.mp4,3
1010125904_5.mp4,3
1014634942_1.mp4,1
1014634942_2.mp4,1
1014634942_3.mp4,3
1014634942_4.mp4,3
1014634942_5.mp4,2
1014634942_6.mp4,2
1014634942_7.mp4,2
1019701371_1.mp4,1
1019701371_2.mp4,2
1028319627_3.mp4,1
1028319627_4.mp4,2
1038549612_1.mp4,1
1038549612_2.mp4,2
1038549612_3.mp4,3
1056914254_1.mp4,1
1056914254_2.mp4,2
1058062464_2.mp4,1
1058062464_3.mp4,1
1058062464_4.mp4,1
1059758209_1.mp4,1
1059758209_2.mp4,2
1068771155_1.mp4,3
1068771155_2.mp4,1
1068771155_3.mp4,2
1075735108_1.mp4,1
1075735108_2.mp4,3
1075735108_3.mp4,2
1075735108_4.mp4,2
1075735108_5.mp4,1
1080002002_1.mp4,3
1080002002_2.mp4,3
1080002002_3.mp4,1
1080002002_4.mp4,2
1080002002_5.mp4,2
1083350572_3.mp4,1
1083350572_4.mp4,3
1083350572_5.mp4,2
1083350572_6.mp4,3
1087805134_1.mp4,1
1087805134_2.mp4,2
1091777312_1.mp4,1
1091777312_2.mp4,2
1097222869_1.mp4,1
1097222869_2.mp4,2
1097222869_4.mp4,1
1099152644_1.mp4,1
1099152644_2.mp4,2
1103425170_1.mp4,1
1103425170_2.mp4,2
1103425170_4.mp4,1
1103425170_5.mp4,1
1112188182_1.mp4,1
1112188182_2.mp4,2
1112188182_3.mp4,3
1115859167_1.mp4,3
1115859167_2.mp4,1
1115859167_3.mp4,3
1115859167_4.mp4,3
1115859167_5.mp4,3
1119842656_1.mp4,3
1119842656_2.mp4,3
1119842656_3.mp4,1
1119842656_4.mp4,2
1119842656_5.mp4,3
1119842656_6.mp4,3
1119842656_7.mp4,1
1119842656_8.mp4,2
1128249220_1.mp4,1
1128249220_2.mp4,2
1128249220_3.mp4,3
1128249220_5.mp4,1
1128249220_6.mp4,2
1128249220_7.mp4,3
1128249220_8.mp4,1
1128249220_9.mp4,2
1128939282_3.mp4,1
1128939282_4.mp4,1
1136027409_1.mp4,3
1136027409_2.mp4,3
1136027409_3.mp4,1
1136027409_4.mp4,2
1136027409_5.mp4,1
1141687995_1.mp4,3
1141687995_2.mp4,3
1141687995_3.mp4,1
1141687995_4.mp4,2
1145365666_1.mp4,1
1145365666_2.mp4,2
1145365666_3.mp4,1
1145365666_4.mp4,2
1145365666_6.mp4,3
1145365666_7.mp4,1
1151609818_1.mp4,1
1151609818_2.mp4,2
1151609818_3.mp4,3
1151609818_4.mp4,3
1158630303_1.mp4,3
1158630303_2.mp4,3
1158630303_3.mp4,1
1158630303_4.mp4,2
1160276406_1.mp4,3
1160276406_2.mp4,3
1160276406_3.mp4,1
1160276406_4.mp4,2
1160276406_5.mp4,1
1161125710_1.mp4,3
1161125710_2.mp4,3
1161125710_3.mp4,1
1161125710_4.mp4,1
1161125710_5.mp4,2
1164386572_1.mp4,1
1164386572_2.mp4,1
1164386572_3.mp4,2
1164537667_1.mp4,3
1164537667_3.mp4,3
1168157993_1.mp4,1
1168157993_2.mp4,2
1172649584_1.mp4,3
1172649584_2.mp4,3
1172649584_3.mp4,1
1172649584_4.mp4,2
1215783902_1.mp4,1
1215783902_2.mp4,2
1218514267_1.mp4,3
1218514267_2.mp4,3
1218514267_3.mp4,1
1218514267_4.mp4,2
1218514267_5.mp4,1
1219941668_1.mp4,1
1219941668_2.mp4,2
1219941668_3.mp4,3
1219941668_4.mp4,3
1220799335_10.mp4,3
1220799335_11.mp4,3
1220799335_12.mp4,3
1220799335_13.mp4,3
1220799335_14.mp4,1
1220799335_15.mp4,1
1220799335_16.mp4,2
1220799335_17.mp4,2
1220799335_18.mp4,2
1220799335_19.mp4,2
1220799335_20.mp4,1
1220799335_21.mp4,1
1220799335_6.mp4,3
1220799335_7.mp4,3
1220799335_8.mp4,3
1220799335_9.mp4,3
1229464538_3.mp4,1
1229464538_4.mp4,4
1229464538_5.mp4,2
1231585789_1.mp4,1
1231585789_2.mp4,3
1231585789_3.mp4,2
1231585789_4.mp4,3
1233236836_1.mp4,3
1233236836_2.mp4,3
1233236836_3.mp4,3
1233236836_4.mp4,1
1233236836_5.mp4,1
1233236836_6.mp4,2
1233773040_1.mp4,1
1233773040_2.mp4,2
1242500877_3.mp4,1
1242500877_4.mp4,1
1250066301_1.mp4,1
1250066301_2.mp4,2
1253901141_1.mp4,3
1253901141_2.mp4,3
1253901141_3.mp4,1
1253901141_4.mp4,2
1253933020_1.mp4,1
1253933020_2.mp4,1
1253933020_3.mp4,2
1253933020_4.mp4,3
1253933020_5.mp4,3
1269738468_1.mp4,3
1269738468_2.mp4,1
1269738468_3.mp4,2
1273310070_2.mp4,1
1273310070_3.mp4,2
1273310070_4.mp4,2
1273310070_5.mp4,2
1273310070_6.mp4,3
1273310070_7.mp4,3
1273310070_8.mp4,3
1285814119_1.mp4,3
1285814119_2.mp4,1
1286762800_1.mp4,3
1286762800_3.mp4,4
1286762800_4.mp4,2
1287019983_1.mp4,1
1287019983_2.mp4,2
1303438154_1.mp4,3
1303438154_2.mp4,1
1303438154_3.mp4,2
1308082331_1.mp4,3
1308082331_2.mp4,1
1308082331_3.mp4,2
1308082331_4.mp4,1
1319439078_1.mp4,1
1319439078_2.mp4,3
1319439078_3.mp4,2
1319439078_4.mp4,3
1320527162_1.mp4,1
1320527162_2.mp4,3
1322068748_1.mp4,1
1329620608_1.mp4,1
1329620608_2.mp4,2
1337173767_1.mp4,1
1337173767_2.mp4,2
1337173767_3.mp4,3
1337173767_4.mp4,3
1346582284_1.mp4,1
1346582284_2.mp4,1
1346582284_3.mp4,2
1353795333_1.mp4,1
1353795333_2.mp4,2
1353795333_3.mp4,3
1353795333_4.mp4,3
1360867815_1.mp4,1
1360867815_2.mp4,2
1365921363_1.mp4,1
1365921363_2.mp4,2
1365921363_3.mp4,1
1366268489_1.mp4,3
1366268489_2.mp4,3
1366268489_3.mp4,1
1366268489_4.mp4,2
1366268489_5.mp4,1
1367938420_1.mp4,4
1367938420_3.mp4,1
1367938420_4.mp4,1
1371433302_1.mp4,1
1371433302_2.mp4,3
1371433302_3.mp4,2
1371433302_4.mp4,3
1375140102_1.mp4,1
1375140102_2.mp4,1
1375140102_3.mp4,3
1375931856_1.mp4,1
1375931856_2.mp4,2
1375931856_3.mp4,3
1375931856_4.mp4,3
1397215429_1.mp4,3
1397215429_2.mp4,3
1397215429_3.mp4,1
1397215429_4.mp4,2
1399910490_1.mp4,3
1399910490_10.mp4,3
1399910490_2.mp4,3
1399910490_3.mp4,1
1399910490_4.mp4,1
1399910490_5.mp4,2
1399910490_6.mp4,2
1399910490_7.mp4,3
1399910490_8.mp4,3
1399910490_9.mp4,3
1405836002_1.mp4,1
1405836002_2.mp4,3
1405836002_4.mp4,3
1405836002_5.mp4,3
1405836002_6.mp4,1
1405836002_7.mp4,2
1412524765_1.mp4,1
1412524765_2.mp4,3
1412524765_3.mp4,3
1414957243_2.mp4,1
1414957243_3.mp4,2
1414957243_4.mp4,3
1414957243_5.mp4,3
1426352241_2.mp4,3
1426352241_3.mp4,3
1426352241_4.mp4,4
1426352241_5.mp4,2
1433223784_1.mp4,3
1433223784_2.mp4,1
1433223784_3.mp4,2
1433223784_4.mp4,3
1433223784_5.mp4,3
1436485706_1.mp4,1
1436485706_2.mp4,2
1449460723_10.mp4,1
1449460723_11.mp4,2
1449460723_4.mp4,1
1449460723_5.mp4,3
1449460723_6.mp4,2
1449460723_7.mp4,3
1449460723_8.mp4,3
1449460723_9.mp4,1
1451530480_1.mp4,3
1451530480_2.mp4,1
1451530480_3.mp4,2
1452226438_2.mp4,3
1452226438_3.mp4,1
1452226438_4.mp4,1
1452226438_5.mp4,3
1452226438_6.mp4,3
1452226438_7.mp4,2
1460783675_1.mp4,1
1460783675_2.mp4,2
1462409956_1.mp4,1
1462409956_2.mp4,2
1468385852_1.mp4,1
1468385852_2.mp4,2
1471531759_1.mp4,3
1471531759_2.mp4,3
1471531759_3.mp4,1
1471531759_4.mp4,4
1482942978_1.mp4,1
1482942978_2.mp4,2
1482942978_3.mp4,1
1482942978_4.mp4,2
1482957527_1.mp4,1
1482957527_2.mp4,2
1482957527_3.mp4,1
1482957527_4.mp4,2
1482957527_5.mp4,3
1482957527_6.mp4,3
1483125600_1.mp4,3
1483125600_2.mp4,3
1483125600_3.mp4,1
1483125600_4.mp4,1
1483125600_5.mp4,3
1483125600_6.mp4,1
1486105847_3.mp4,1
1486105847_4.mp4,2
1486105847_5.mp4,1
1486105847_6.mp4,3
1486105847_7.mp4,3
1486420052_1.mp4,1
1486420052_2.mp4,2
1486627315_1.mp4,1
1486627315_3.mp4,2
1488497976_1.mp4,4
1488497976_2.mp4,2
1488497976_3.mp4,3
1489847981_1.mp4,1
1489847981_2.mp4,2
1489847981_3.mp4,1
1493734031_1.mp4,1
1493734031_2.mp4,2
1497191315_1.mp4,1
1497191315_2.mp4,1
1497191315_3.mp4,2
1497191315_4.mp4,2
1497191315_5.mp4,3
1505578024_1.mp4,1
1505578024_2.mp4,2
1508044803_1.mp4,3
1508044803_2.mp4,3
1508044803_3.mp4,3
1508044803_4.mp4,1
1508044803_5.mp4,2
1516527184_1.mp4,1
1516527184_5.mp4,1
1529638626_1.mp4,1
1529638626_2.mp4,2
1530092523_2.mp4,1
1548519398_2.mp4,1
1548519398_3.mp4,2
1553306520_2.mp4,1
1553306520_3.mp4,2
1553306520_4.mp4,4
1553306520_5.mp4,3
1559444078_1.mp4,3
1559444078_2.mp4,3
1559444078_3.mp4,3
1559444078_4.mp4,1
1559444078_5.mp4,3
1568866720_1.mp4,1
1568866720_2.mp4,2
1569168179_1.mp4,1
1578211050_1.mp4,1
1578211050_2.mp4,1
1578211050_3.mp4,1
1578211050_4.mp4,2
1584030164_2.mp4,1
1584030164_3.mp4,2
1584030164_4.mp4,2
1584030164_5.mp4,3
1588463939_10.mp4,1
1588463939_11.mp4,3
1588463939_12.mp4,2
1588463939_13.mp4,3
1588463939_6.mp4,1
1588463939_7.mp4,3
1588463939_8.mp4,2
1588463939_9.mp4,3
1592757797_1.mp4,3
1592757797_2.mp4,3
1592757797_3.mp4,1
1592757797_4.mp4,2
1594810938_1.mp4,3
1594810938_3.mp4,3
1594810938_4.mp4,2
1594810938_5.mp4,1
1601636689_1.mp4,3
1601636689_2.mp4,1
1601636689_3.mp4,1
1601636689_4.mp4,2
1602546616_1.mp4,1
1602546616_2.mp4,2
1612366877_1.mp4,1
1612366877_2.mp4,2
1614985606_1.mp4,1
1614985606_2.mp4,2
1614985606_3.mp4,1
1615088387_1.mp4,1
1615088387_2.mp4,3
1615088387_3.mp4,3
1615088387_4.mp4,3
1615474869_3.mp4,3
1615474869_4.mp4,3
1615474869_5.mp4,3
1615474869_6.mp4,3
1615474869_7.mp4,1
1615474869_8.mp4,2
1634161857_1.mp4,1
1634161857_2.mp4,2
1634161857_3.mp4,1
1641464171_1.mp4,1
1641464171_2.mp4,2
1644821385_1.mp4,3
1644821385_2.mp4,2
1644821385_3.mp4,3
1644821385_5.mp4,1
1653497805_1.mp4,1
1653497805_2.mp4,2
1653497805_3.mp4,2
1653497805_4.mp4,1
1653497805_5.mp4,1
1653497805_6.mp4,1
1653726197_1.mp4,1
1653726197_2.mp4,2
1653726197_3.mp4,1
1653726197_4.mp4,2
1654222242_1.mp4,3
1654222242_2.mp4,1
1654222242_3.mp4,1
1654222242_4.mp4,2
1654222242_5.mp4,1
1654222242_6.mp4,2
1654222242_7.mp4,1
1654222242_8.mp4,2
1675081368_2.mp4,1
1675081368_3.mp4,3
1675081368_4.mp4,2
1675081368_5.mp4,3
1675081368_6.mp4,3
1675081368_7.mp4,1
1675081368_8.mp4,2
1675081368_9.mp4,3
1680917674_1.mp4,3
1680917674_2.mp4,1
1680917674_3.mp4,2
1680917674_4.mp4,1
1689122363_1.mp4,1
1689122363_2.mp4,2
1696944460_1.mp4,1
1696944460_2.mp4,2
1696944460_3.mp4,2
1696944460_5.mp4,1
1696944460_6.mp4,1
1696944460_7.mp4,2
1696944460_8.mp4,1
1696944460_9.mp4,2
1700247672_1.mp4,1
1700247672_10.mp4,3
1700247672_11.mp4,3
1700247672_2.mp4,1
1700247672_3.mp4,1
1700247672_4.mp4,1
1700247672_5.mp4,1
1700247672_6.mp4,2
1700247672_7.mp4,2
1700247672_8.mp4,3
1700247672_9.mp4,3
1701125349_1.mp4,1
1701125349_2.mp4,2
1701125349_3.mp4,3
1708038698_1.mp4,3
1708038698_2.mp4,1
1708038698_3.mp4,2
1728791857_1.mp4,1
1728791857_2.mp4,2
1731922249_2.mp4,1
1731922249_3.mp4,2
1731922249_4.mp4,2
1731922249_5.mp4,1
1731922249_6.mp4,3
1731922249_7.mp4,3
1732144670_1.mp4,3
1732144670_3.mp4,3
1732144670_4.mp4,1
1732144670_5.mp4,3
1732144670_6.mp4,2
1732144670_7.mp4,3
1734149365_1.mp4,3
1734149365_2.mp4,3
1734149365_3.mp4,1
1734149365_4.mp4,2
1734149365_6.mp4,3
1734149365_7.mp4,2
1746101975_1.mp4,1
1746101975_2.mp4,3
1746101975_3.mp4,2
1746101975_4.mp4,3
1746101975_5.mp4,1
1746101975_6.mp4,3
1746101975_7.mp4,2
1746101975_8.mp4,3
1761303717_1.mp4,1
1768371122_3.mp4,1
1768371122_4.mp4,2
1768371122_8.mp4,1
1768371122_9.mp4,2
1768728622_1.mp4,1
1768728622_2.mp4,3
1768728622_3.mp4,2
1768728622_4.mp4,3
1778147995_1.mp4,4
1778147995_2.mp4,2
1779208413_1.mp4,1
1779208413_2.mp4,2
1779716914_10.mp4,1
1779716914_2.mp4,3
1779716914_3.mp4,3
1779716914_4.mp4,1
1779716914_5.mp4,1
1779716914_6.mp4,1
1779716914_7.mp4,1
1779716914_8.mp4,2
1779716914_9.mp4,1
1789401026_1.mp4,1
1789401026_2.mp4,2
1789401026_3.mp4,3
1789401026_4.mp4,3
1789401026_5.mp4,1
1789401026_6.mp4,2
1789401026_7.mp4,1
1789745484_2.mp4,3
1789745484_3.mp4,3
1789745484_4.mp4,1
1789745484_5.mp4,2
1800411656_1.mp4,1
1800411656_2.mp4,2
1803890116_1.mp4,1
1803890116_2.mp4,2
1807776220_1.mp4,3
1807776220_2.mp4,1
1807776220_3.mp4,2
1811152736_1.mp4,1
1811152736_2.mp4,2
1811152736_3.mp4,1
1811152736_4.mp4,2
1813618534_1.mp4,3
1813618534_2.mp4,3
1813618534_4.mp4,1
1813618534_5.mp4,1
1813618534_6.mp4,2
1813618534_7.mp4,1
1813618534_8.mp4,2
1820206445_1.mp4,1
1820206445_2.mp4,2
1829231076_1.mp4,1
1829231076_2.mp4,2
1829231076_3.mp4,3
1829231076_4.mp4,3
1829231076_5.mp4,1
1830061762_1.mp4,2
1830061762_2.mp4,1
1832848927_1.mp4,1
1832848927_2.mp4,2
1832848927_3.mp4,1
1832848927_4.mp4,2
1837702174_1.mp4,3
1837702174_2.mp4,3
1837702174_3.mp4,1
1837702174_4.mp4,2
1839262043_1.mp4,1
1839262043_2.mp4,2
1853920600_1.mp4,1
1853920600_2.mp4,1
1853920600_3.mp4,2
1855965270_1.mp4,1
1855965270_2.mp4,2
1856067358_2.mp4,3
1856067358_3.mp4,1
1856067358_4.mp4,1
1856067358_5.mp4,2
1869495371_1.mp4,3
1869495371_2.mp4,3
1869495371_3.mp4,2
1869495371_4.mp4,1
1875464739_1.mp4,1
1875464739_2.mp4,2
1880419296_1.mp4,1
1880419296_2.mp4,1
1880419296_3.mp4,2
1880419296_4.mp4,3
1880419296_5.mp4,3
1881062109_1.mp4,1
1881062109_2.mp4,2
1881062109_3.mp4,3
1881062109_4.mp4,3
1882046505_2.mp4,3
1882046505_3.mp4,3
1882046505_4.mp4,1
1882046505_5.mp4,2
1886829065_1.mp4,1
1886829065_3.mp4,3
1886829065_4.mp4,2
1886829065_5.mp4,3
1895596372_1.mp4,1
1895596372_2.mp4,2
1895596372_3.mp4,3
1895596372_4.mp4,3
1897327298_1.mp4,3
1897327298_2.mp4,3
1897327298_3.mp4,3
1897327298_4.mp4,3
1897327298_5.mp4,1
1897327298_6.mp4,2
1897327298_7.mp4,3
1904176600_1.mp4,1
1904176600_2.mp4,2
1904176600_3.mp4,3
1904176600_4.mp4,3
1904815238_1.mp4,3
1904815238_2.mp4,2
1904815238_4.mp4,4
1905890272_1.mp4,4
1905890272_2.mp4,2
1905890272_4.mp4,1
1905890272_5.mp4,1
1911001813_1.mp4,1
1911001813_2.mp4,2
1911538421_1.mp4,1
1911538421_2.mp4,2
1915313180_1.mp4,1
1915313180_2.mp4,2
1915313180_3.mp4,3
1915313180_4.mp4,3
1917050363_3.mp4,3
1917050363_4.mp4,3
1917050363_5.mp4,1
1917050363_6.mp4,2
1917050363_7.mp4,1
1917050363_8.mp4,2
1917050363_9.mp4,3
1934508415_2.mp4,1
1934508415_3.mp4,2
1952211705_1.mp4,3
1952211705_2.mp4,1
1952211705_3.mp4,2
1952211705_4.mp4,1
1963818305_1.mp4,1
1963818305_2.mp4,3
1963818305_3.mp4,2
1963818305_4.mp4,3
1963818305_5.mp4,3
1966060027_1.mp4,1
1966060027_2.mp4,2
1975703256_1.mp4,3
1975703256_2.mp4,1
1975703256_3.mp4,2
1975869477_1.mp4,1
1975869477_2.mp4,2
1976055069_1.mp4,1
1976055069_2.mp4,2
1980515547_1.mp4,1
1989723534_10.mp4,3
1989723534_11.mp4,1
1989723534_12.mp4,2
1989723534_13.mp4,3
1989723534_6.mp4,1
1989723534_7.mp4,3
1989723534_8.mp4,2
1989723534_9.mp4,3
1995997733_1.mp4,1
1995997733_2.mp4,2
1995997733_3.mp4,3
1995997733_4.mp4,1
2002518741_1.mp4,1
2002518741_2.mp4,2
2002518741_3.mp4,1
2002518741_4.mp4,2
2003003204_1.mp4,1
2003003204_2.mp4,2
2017695736_1.mp4,3
2017695736_2.mp4,3
2017695736_3.mp4,3
2017695736_4.mp4,1
2017695736_5.mp4,1
2017695736_6.mp4,2
2018509303_1.mp4,1
2018509303_2.mp4,2
2020798926_1.mp4,1
2020798926_2.mp4,2
2020840400_10.mp4,2
2020840400_11.mp4,1
2020840400_12.mp4,3
2020840400_13.mp4,1
2020840400_14.mp4,2
2020840400_2.mp4,2
2020840400_3.mp4,1
2020840400_4.mp4,1
2020840400_5.mp4,3
2020840400_6.mp4,3
2020840400_7.mp4,3
2020840400_8.mp4,3
2020840400_9.mp4,1
2023812209_1.mp4,1
2023812209_2.mp4,2
2023812209_3.mp4,4
2031572952_1.mp4,1
2031572952_2.mp4,2
2045772327_1.mp4,1
2045772327_2.mp4,2
2048236768_1.mp4,1
2048236768_2.mp4,3
2048236768_3.mp4,2
2048236768_4.mp4,3
2050098672_1.mp4,3
2050098672_2.mp4,3
2050098672_3.mp4,1
2050098672_4.mp4,2
2058446705_1.mp4,3
2058446705_2.mp4,1
2058446705_3.mp4,2
2058446705_4.mp4,1
2070777067_1.mp4,1
2070777067_2.mp4,2
2070777067_3.mp4,3
2072191486_3.mp4,1
2072191486_4.mp4,2
2072191486_5.mp4,3
2072191486_6.mp4,3
2072353411_2.mp4,1
2072353411_3.mp4,2
2072353411_4.mp4,3
2072353411_5.mp4,3
2085547967_1.mp4,3
2085547967_2.mp4,3
2085547967_3.mp4,1
2085547967_4.mp4,2
2085547967_5.mp4,1
2098216775_1.mp4,1
2098216775_2.mp4,2
2098216775_3.mp4,1
2101872072_1.mp4,3
2101872072_2.mp4,2
2104229340_1.mp4,1
2105200885_1.mp4,3
2105200885_2.mp4,3
2105200885_3.mp4,3
2105200885_4.mp4,1
2105200885_5.mp4,2
2111273585_1.mp4,1
2111273585_2.mp4,1
2111273585_3.mp4,2
2111273585_4.mp4,2
2113244667_168.mp4,1
2113244667_169.mp4,1
2113244667_170.mp4,1
2113244667_171.mp4,1
2113244667_172.mp4,4
2113244667_173.mp4,3
2113244667_174.mp4,3
2113244667_175.mp4,3
2113244667_176.mp4,2
2113244667_177.mp4,2
2118558337_1.mp4,3
2118558337_2.mp4,3
2118558337_3.mp4,1
2118558337_4.mp4,1
2118558337_5.mp4,2
2123269328_1.mp4,1
2123269328_2.mp4,2
2123269328_3.mp4,3
2123269328_4.mp4,3
2130416164_1.mp4,1
2130416164_2.mp4,1
2130416164_3.mp4,2
2136000051_1.mp4,1
2136000051_2.mp4,2
2140022347_1.mp4,3
2140022347_2.mp4,3
2140022347_3.mp4,1
2140022347_4.mp4,2
2140022347_5.mp4,1
2146117575_1.mp4,1
2146117575_2.mp4,2
2150940820_1.mp4,1
2150940820_2.mp4,2
2150940820_3.mp4,3
2150940820_4.mp4,3
2150940820_5.mp4,4
2150940820_6.mp4,2
2150940820_7.mp4,3
2150940820_8.mp4,3
2150940820_9.mp4,3
2155812489_1.mp4,4
2155812489_2.mp4,3
2156406476_1.mp4,1
2156406476_2.mp4,2
2156406476_3.mp4,3
2158945108_1.mp4,4
2158945108_2.mp4,2
2159046845_1.mp4,1
2159046845_2.mp4,2
2159046845_3.mp4,1
2159046845_4.mp4,2
2159046845_5.mp4,1
2159046845_6.mp4,2
2159046845_7.mp4,3
2159046845_8.mp4,2
2161269904_1.mp4,1
2161269904_2.mp4,2
2161269904_3.mp4,1
2161269904_4.mp4,2
2167481699_2.mp4,1
2167481699_3.mp4,3
2167481699_4.mp4,2
2167481699_5.mp4,3
2169399583_1.mp4,1
2169399583_2.mp4,2
2169399583_3.mp4,1
2169399583_4.mp4,1
2172448806_1.mp4,3
2172448806_2.mp4,1
2172448806_3.mp4,2
2172448806_4.mp4,2
2172448806_5.mp4,1
2172448806_6.mp4,1
2175935006_1.mp4,1
2175935006_2.mp4,1
2175935006_3.mp4,2
2175935006_4.mp4,2
2175935006_5.mp4,3
2175935006_6.mp4,3
2181277136_1.mp4,3
2181277136_2.mp4,3
2181277136_3.mp4,1
2181277136_4.mp4,2
2181277136_5.mp4,1
2182388438_1.mp4,1
2182388438_2.mp4,3
2182388438_3.mp4,2
2182388438_4.mp4,3
2186677863_1.mp4,3
2186677863_2.mp4,3
2186677863_3.mp4,1
2186677863_4.mp4,2
2191491251_2.mp4,3
2191491251_5.mp4,1
2191491251_6.mp4,1
2191491251_7.mp4,2
2191782293_1.mp4,1
2191782293_2.mp4,2
2195615059_1.mp4,1
2195615059_2.mp4,1
2195615059_3.mp4,2
2212558534_1.mp4,1
2212558534_2.mp4,2
2216606813_1.mp4,1
2216729262_3.mp4,3
2216729262_4.mp4,1
2216729262_5.mp4,3
2216729262_6.mp4,1
2216729262_7.mp4,2
2216729262_9.mp4,1
2218529134_2.mp4,1
2218529134_3.mp4,2
2218529134_4.mp4,3
2218529134_5.mp4,3
2221322731_11.mp4,3
2221322731_12.mp4,3
2221322731_13.mp4,3
2221322731_14.mp4,3
2221322731_19.mp4,1
2221322731_2.mp4,3
2221322731_20.mp4,2
2221322731_21.mp4,3
2221322731_3.mp4,3
2221322731_4.mp4,3
2221322731_5.mp4,3
2221322731_6.mp4,1
2221322731_7.mp4,2
2221322731_8.mp4,3
2229969900_1.mp4,1
2237340741_1.mp4,1
2237340741_2.mp4,2
2237340741_3.mp4,3
2237340741_4.mp4,3
2237516489_1.mp4,1
2237516489_2.mp4,2
2237516489_3.mp4,3
2239669626_1.mp4,3
2239669626_2.mp4,1
2239669626_3.mp4,2
2239669626_4.mp4,3
2241391792_1.mp4,1
2241391792_2.mp4,1
2241391792_3.mp4,3
2241391792_4.mp4,2
2241391792_5.mp4,3
2247382904_1.mp4,1
2247382904_2.mp4,3
2247382904_3.mp4,3
2247382904_4.mp4,3
2260724343_1.mp4,1
2260724343_2.mp4,3
2260724343_3.mp4,3
2260724343_4.mp4,3
2268889404_2.mp4,1
2272976444_1.mp4,1
2272976444_2.mp4,2
2272976444_3.mp4,3
2272976444_4.mp4,3
2272976444_5.mp4,3
2272976444_6.mp4,2
2277302554_1.mp4,1
2277302554_2.mp4,2
2282518648_1.mp4,1
2282518648_2.mp4,2
2295533863_1.mp4,1
2295533863_2.mp4,1
2295533863_3.mp4,3
2295533863_4.mp4,2
2295533863_5.mp4,3
2295533863_6.mp4,1
2295533863_7.mp4,1
2298744536_1.mp4,3
2298744536_2.mp4,1
2298744536_3.mp4,2
2298744536_4.mp4,1
2301343701_1.mp4,1
2304935084_1.mp4,1
2304935084_2.mp4,2
2304935084_3.mp4,3
2304935084_4.mp4,1
2304935084_5.mp4,2
2304935084_6.mp4,1
2305233102_1.mp4,1
2305233102_2.mp4,1
2305233102_3.mp4,2
2305233102_4.mp4,1
2319065214_1.mp4,1
2319065214_2.mp4,2
2319065214_3.mp4,1
2319065214_4.mp4,3
2319065214_5.mp4,4
2319065214_6.mp4,4
2319065214_7.mp4,4
2321580038_1.mp4,1
2321580038_2.mp4,3
2321580038_3.mp4,2
2321580038_4.mp4,3
2321580038_5.mp4,1
2321580038_6.mp4,3
2321580038_7.mp4,3
2332855771_1.mp4,1
2332855771_2.mp4,2
2333020490_1.mp4,1
2333020490_2.mp4,2
2355587927_1.mp4,3
2355587927_2.mp4,1
2355587927_3.mp4,2
2355587927_4.mp4,3
2355587927_5.mp4,3
2356272803_1.mp4,1
2356272803_2.mp4,2
2356272803_4.mp4,1
2356272803_5.mp4,2
2356736155_1.mp4,1
2356736155_2.mp4,2
2356736155_3.mp4,3
2356736155_4.mp4,3
2357535395_1.mp4,1
2357535395_2.mp4,3
2357535395_3.mp4,2
2357535395_4.mp4,3
2357535395_5.mp4,3
2378876277_1.mp4,1
2378876277_2.mp4,2
2378876277_3.mp4,3
2378876277_4.mp4,3
2378876277_5.mp4,1
2378876277_6.mp4,2
2378876277_7.mp4,1
2378876277_8.mp4,2
2378876277_9.mp4,1
2392286687_1.mp4,2
2392286687_2.mp4,1
2392286687_3.mp4,2
2398059608_1.mp4,1
2398059608_2.mp4,1
2398059608_4.mp4,2
2398059608_5.mp4,1
2398059608_6.mp4,2
2402281196_1.mp4,1
2402281196_10.mp4,2
2402281196_2.mp4,1
2402281196_3.mp4,3
2402281196_4.mp4,3
2402281196_7.mp4,1
2402281196_8.mp4,3
2402281196_9.mp4,2
2409143794_1.mp4,1
2409143794_2.mp4,3
2416179145_1.mp4,1
2416179145_2.mp4,2
2416179145_3.mp4,3
2416179145_4.mp4,3
2420779831_1.mp4,3
2420779831_2.mp4,3
2420779831_3.mp4,1
2420779831_4.mp4,1
2420779831_5.mp4,2
2423330505_1.mp4,1
2423330505_2.mp4,1
2423330505_3.mp4,2
2423330505_4.mp4,3
2431285046_4.mp4,2
2431285046_5.mp4,3
2431285046_6.mp4,3
2431285046_7.mp4,3
2431285046_9.mp4,3
2451596517_2.mp4,1
2451596517_3.mp4,2
2455991908_1.mp4,1
2455991908_2.mp4,3
2458132888_1.mp4,3
2458132888_2.mp4,3
2458132888_3.mp4,1
2458132888_4.mp4,2
2458132888_5.mp4,1
2458132888_6.mp4,1
2458132888_7.mp4,3
2458132888_8.mp4,3
2458132888_9.mp4,3
2477682378_10.mp4,1
2477682378_11.mp4,2
2477682378_2.mp4,1
2477682378_3.mp4,2
2477682378_4.mp4,3
2477682378_5.mp4,3
2477682378_6.mp4,1
2477682378_7.mp4,2
2477682378_8.mp4,1
2477682378_9.mp4,2
2483061180_1.mp4,1
2483061180_2.mp4,2
2483061180_3.mp4,3
2483061180_4.mp4,3
2491500024_1.mp4,3
2491500024_2.mp4,3
2491500024_3.mp4,1
2491500024_4.mp4,2
2493771018_1.mp4,1
2493771018_10.mp4,3
2493771018_11.mp4,3
2493771018_2.mp4,2
2493771018_3.mp4,1
2493771018_4.mp4,1
2493771018_5.mp4,2
2493771018_6.mp4,2
2493771018_7.mp4,3
2493771018_8.mp4,3
2493771018_9.mp4,3
2496285695_1.mp4,1
2496285695_2.mp4,3
2496285695_3.mp4,1
2496285695_4.mp4,2
2504396484_1.mp4,3
2504396484_10.mp4,2
2504396484_11.mp4,1
2504396484_12.mp4,2
2504396484_13.mp4,3
2504396484_14.mp4,3
2504396484_15.mp4,3
2504396484_16.mp4,1
2504396484_17.mp4,2
2504396484_18.mp4,1
2504396484_2.mp4,3
2504396484_4.mp4,1
2504396484_5.mp4,1
2504396484_6.mp4,2
2504396484_7.mp4,3
2504396484_8.mp4,3
2504396484_9.mp4,1
2506482356_1.mp4,1
2506482356_2.mp4,2
2507048568_1.mp4,1
2507048568_10.mp4,4
2507048568_11.mp4,1
2507048568_2.mp4,1
2507048568_3.mp4,2
2507048568_6.mp4,2
2507048568_7.mp4,2
2507048568_9.mp4,3
2509886956_1.mp4,1
2509886956_2.mp4,2
2509886956_3.mp4,3
2514886998_1.mp4,3
2514886998_2.mp4,3
2514886998_3.mp4,1
2514886998_4.mp4,2
2514886998_5.mp4,1
2515570389_1.mp4,1
2515570389_2.mp4,2
2515570389_3.mp4,3
2515570389_4.mp4,3
2517533279_1.mp4,1
2517533279_2.mp4,2
2517533279_3.mp4,1
2517563277_2.mp4,1
2517563277_3.mp4,2
2517563277_4.mp4,2
2517563277_5.mp4,3
2526457947_1.mp4,3
2526457947_2.mp4,3
2526457947_3.mp4,3
2526457947_4.mp4,3
2526457947_5.mp4,2
2526457947_6.mp4,1
2526457947_7.mp4,1
2526457947_8.mp4,2
2541564376_1.mp4,1
2541564376_2.mp4,2
2551120614_1.mp4,1
2562692911_3.mp4,1
2562692911_4.mp4,3
2562692911_5.mp4,2
2562692911_6.mp4,3
2580016761_1.mp4,3
2580016761_2.mp4,3
2580016761_4.mp4,1
2580016761_5.mp4,1
2580016761_6.mp4,2
2581532788_1.mp4,3
2581532788_2.mp4,3
2581532788_3.mp4,3
2581532788_4.mp4,2
2581532788_5.mp4,3
2581532788_7.mp4,1
2583139742_1.mp4,3
2583139742_2.mp4,3
2583139742_3.mp4,1
2583139742_4.mp4,2
2583604472_1.mp4,1
2583604472_2.mp4,3
2583604472_3.mp4,3
2583604472_4.mp4,3
2584537123_1.mp4,1
2584537123_2.mp4,3
2584537123_3.mp4,3
2603356639_1.mp4,3
2603356639_2.mp4,3
2603356639_3.mp4,1
2603356639_4.mp4,1
2603356639_5.mp4,2
2603356639_6.mp4,1
2603356639_7.mp4,1
2603356639_8.mp4,2
2609037672_2.mp4,1
2609037672_3.mp4,2
2609037672_4.mp4,2
2609037672_5.mp4,3
2617227814_1.mp4,1
2617227814_2.mp4,2
2617227814_3.mp4,1
2617227814_4.mp4,2
2624103613_1.mp4,1
2624103613_2.mp4,3
2624103613_3.mp4,2
2624103613_4.mp4,3
2624167931_1.mp4,1
2624167931_2.mp4,2
2624167931_3.mp4,1
2626496934_2.mp4,1
2626496934_3.mp4,3
2626496934_4.mp4,3
2626496934_5.mp4,2
2629100286_1.mp4,1
2629100286_2.mp4,2
2642100894_1.mp4,3
2642100894_2.mp4,3
2642100894_3.mp4,1
2642100894_4.mp4,1
2642100894_5.mp4,3
2642100894_6.mp4,1
2642231102_1.mp4,3
2642231102_2.mp4,1
2642231102_3.mp4,3
2642231102_4.mp4,3
2642231102_5.mp4,2
2642231102_6.mp4,3
2642231102_7.mp4,1
2642231102_8.mp4,3
2642231102_9.mp4,3
2642348555_2.mp4,1
2642348555_3.mp4,1
2642348555_4.mp4,2
2642348555_5.mp4,3
2642348555_6.mp4,3
2662761604_1.mp4,1
2662761604_2.mp4,2
2662799092_4.mp4,3
2662799092_5.mp4,3
2662799092_6.mp4,1
2662799092_7.mp4,2
2663059129_1.mp4,3
2663059129_2.mp4,3
2663059129_3.mp4,1
2663059129_4.mp4,2
2676810494_1.mp4,1
2677647990_1.mp4,1
2677647990_2.mp4,2
2677647990_3.mp4,3
2677647990_5.mp4,3
2681731018_1.mp4,1
2681731018_2.mp4,2
2681731018_3.mp4,1
2681731018_4.mp4,2
2686955954_1.mp4,3
2686955954_2.mp4,3
2686955954_3.mp4,1
2686955954_4.mp4,1
2686955954_5.mp4,2
2686955954_6.mp4,2
2689740196_1.mp4,1
2689740196_2.mp4,2
2689740196_3.mp4,3
2689740196_5.mp4,2
2689740196_6.mp4,1
2689740196_7.mp4,3
2689740196_8.mp4,3
2695467447_2.mp4,1
2695467447_3.mp4,2
2695467447_4.mp4,1
2704553213_1.mp4,1
2704553213_2.mp4,2
2704553213_3.mp4,3
2704553213_4.mp4,3
2704553213_5.mp4,1
2704553213_6.mp4,2
2707801594_2.mp4,3
2707801594_3.mp4,3
2707801594_4.mp4,1
2707801594_5.mp4,2
2710995011_1.mp4,3
2710995011_10.mp4,3
2710995011_2.mp4,3
2710995011_3.mp4,1
2710995011_4.mp4,2
2710995011_5.mp4,1
2710995011_6.mp4,1
2710995011_7.mp4,1
2710995011_8.mp4,2
2710995011_9.mp4,3
2711234014_1.mp4,1
2711234014_2.mp4,1
2711234014_3.mp4,2
2719771462_1.mp4,1
2719771462_2.mp4,2
2719771462_3.mp4,2
2719771462_4.mp4,3
2720757775_1.mp4,1
2723483296_1.mp4,1
2723483296_2.mp4,2
2723483296_3.mp4,3
2723483296_4.mp4,3
2727063929_1.mp4,3
2727063929_2.mp4,1
2727063929_3.mp4,3
2728748491_1.mp4,1
2728748491_2.mp4,3
2728748491_3.mp4,3
2728748491_4.mp4,2
2729789866_1.mp4,3
2729789866_2.mp4,3
2729789866_3.mp4,1
2729789866_4.mp4,2
2729789866_5.mp4,1
2729789866_6.mp4,2
2730108515_1.mp4,1
2730108515_2.mp4,2
2730108515_3.mp4,3
2730108515_4.mp4,3
2730108515_5.mp4,1
2730108515_6.mp4,2
2730108515_7.mp4,3
2730108515_8.mp4,3
2730649542_1.mp4,1
2730649542_2.mp4,2
2739928304_1.mp4,1
2739928304_2.mp4,2
2739928304_3.mp4,3
2739928304_4.mp4,3
2744924663_2.mp4,3
2744924663_3.mp4,2
2744924663_4.mp4,3
2744924663_5.mp4,1
2750742534_1.mp4,1
2750742534_3.mp4,3
2750742534_4.mp4,1
2750742534_5.mp4,3
2757452666_1.mp4,1
2757452666_2.mp4,2
2757452666_3.mp4,3
2757452666_4.mp4,3
2763973167_1.mp4,1
2763973167_2.mp4,2
2763973167_3.mp4,1
2763973167_4.mp4,3
2763973167_5.mp4,3
2763973167_6.mp4,3
2763973167_7.mp4,1
2774713866_1.mp4,1
2774713866_2.mp4,3
2774713866_3.mp4,2
2774713866_4.mp4,3
2774713866_5.mp4,3
2774713866_6.mp4,3
2775368576_1.mp4,3
2775368576_2.mp4,3
2775368576_3.mp4,3
2775368576_4.mp4,3
2790811498_1.mp4,1
2790811498_2.mp4,2
2790811498_3.mp4,3
2802128712_1.mp4,1
2802128712_2.mp4,3
2802128712_3.mp4,3
2802128712_4.mp4,3
2802640670_1.mp4,3
2802640670_2.mp4,1
2802640670_3.mp4,2
2803847907_1.mp4,1
2803847907_2.mp4,1
2803847907_3.mp4,1
2803847907_4.mp4,1
2803847907_5.mp4,2
2825794399_1.mp4,1
2825794399_2.mp4,2
2825794399_3.mp4,3
2825794399_4.mp4,3
2827236368_1.mp4,1
2827236368_2.mp4,2
2827977415_1.mp4,1
2827977415_2.mp4,2
2828997765_1.mp4,1
2828997765_2.mp4,2
2830847878_1.mp4,1
2830847878_2.mp4,1
2830847878_3.mp4,2
2845007573_1.mp4,1
2845007573_2.mp4,2
2853778307_1.mp4,3
2853778307_2.mp4,3
2853778307_3.mp4,1
2853778307_4.mp4,2
2853778307_5.mp4,1
2855643987_1.mp4,3
2860948419_18.mp4,1
2860948419_19.mp4,1
2860948419_20.mp4,3
2860948419_21.mp4,2
2860948419_22.mp4,3
2867194939_1.mp4,1
2867194939_2.mp4,3
2867194939_3.mp4,2
2867194939_4.mp4,3
2867194939_5.mp4,3
2869921959_1.mp4,3
2869921959_2.mp4,3
2869921959_3.mp4,3
2869921959_4.mp4,1
2869921959_5.mp4,2
2869921959_6.mp4,1
2869921959_8.mp4,4
2878402839_1.mp4,1
2878402839_2.mp4,2
2878402839_3.mp4,3
2878402839_4.mp4,3
2895307144_1.mp4,1
2895307144_2.mp4,2
2901757970_1.mp4,3
2901757970_2.mp4,1
2901757970_3.mp4,2
2901757970_4.mp4,1
2908408236_1.mp4,1
2908408236_2.mp4,2
2909464555_1.mp4,1
2909464555_2.mp4,2
2909464555_3.mp4,1
2909464555_4.mp4,3
2909464555_5.mp4,3
2909464555_6.mp4,3
2915955824_1.mp4,1
2915955824_2.mp4,2
2915955824_3.mp4,3
2925105844_1.mp4,1
2925105844_2.mp4,2
2925105844_3.mp4,1
2928408762_1.mp4,1
2928408762_2.mp4,2
2935741559_1.mp4,1
2935741559_2.mp4,2
2941578119_1.mp4,1
2941578119_2.mp4,2
2945952199_1.mp4,3
2945952199_2.mp4,3
2945952199_3.mp4,2
2946480722_1.mp4,1
2946480722_2.mp4,2
2946480722_3.mp4,3
2946480722_4.mp4,3
2946480722_5.mp4,1
2946917848_1.mp4,1
2946917848_2.mp4,3
2946917848_3.mp4,2
2946917848_4.mp4,2
2951934335_1.mp4,1
2951934335_2.mp4,3
2951934335_3.mp4,2
2951934335_4.mp4,3
2954895190_1.mp4,1
2954895190_2.mp4,2
2954895190_3.mp4,3
2954895190_4.mp4,3
2954895190_5.mp4,1
2969665775_1.mp4,1
2969665775_2.mp4,2
2976905046_1.mp4,1
2976905046_2.mp4,2
2976905046_3.mp4,3
2976905046_4.mp4,3
2976905046_5.mp4,1
2976905046_6.mp4,3
2979520959_202.mp4,1
2979520959_203.mp4,2
2979520959_204.mp4,1
2979520959_205.mp4,1
2979520959_206.mp4,1
2979520959_207.mp4,1
2979520959_208.mp4,3
2979520959_209.mp4,2
2979520959_210.mp4,3
2982453866_1.mp4,3
2982453866_2.mp4,3
2982453866_3.mp4,1
2982453866_4.mp4,1
2982453866_5.mp4,2
2988488928_1.mp4,3
2988488928_2.mp4,1
2988488928_5.mp4,3
2988488928_6.mp4,2
2988488928_7.mp4,1
2988488928_8.mp4,2
2994871629_2.mp4,1
2994871629_3.mp4,2
2994871629_4.mp4,1
2994871629_5.mp4,1
2994871629_6.mp4,2
2995485020_1.mp4,1
2995485020_2.mp4,3
3013413403_1.mp4,1
3013413403_2.mp4,2
3013413403_3.mp4,1
3014771163_1.mp4,1
3014771163_2.mp4,2
3014771163_3.mp4,3
3014771163_4.mp4,3
3032457291_1.mp4,1
3032457291_2.mp4,2
3036261734_1.mp4,1
3036261734_2.mp4,1
3036261734_3.mp4,2
3036741133_2.mp4,3
3036741133_3.mp4,1
3036741133_4.mp4,2
3043330689_1.mp4,3
3043330689_2.mp4,2
3048521360_2.mp4,1
3048521360_3.mp4,2
3048521360_4.mp4,3
3048521360_5.mp4,3
3049087595_1.mp4,1
3049087595_2.mp4,2
3051975963_1.mp4,1
3051975963_2.mp4,1
3051975963_3.mp4,1
3051975963_4.mp4,2
3055647131_4.mp4,1
3055647131_5.mp4,3
3055647131_6.mp4,2
3055647131_8.mp4,3
3056290907_1.mp4,1
3056290907_2.mp4,2
3068684367_2.mp4,1
3068684367_3.mp4,2
3068684367_4.mp4,3
3068684367_5.mp4,3
3074152665_1.mp4,1
3074152665_2.mp4,2
3074152665_3.mp4,1
3096748179_1.mp4,3
3096748179_2.mp4,3
3096748179_3.mp4,1
3096748179_4.mp4,2
3097277479_1.mp4,1
3097277479_2.mp4,2
3097277479_3.mp4,2
3097277479_4.mp4,3
3097277479_5.mp4,1
3097277479_6.mp4,3
3097277479_7.mp4,3
3097277479_8.mp4,3
3111905620_1.mp4,1
3111905620_2.mp4,2
3111905620_3.mp4,1
3128489494_1.mp4,1
3128489494_2.mp4,2
3128489494_3.mp4,3
3128489494_4.mp4,3
3140620809_1.mp4,1
3140620809_2.mp4,2
3140620809_3.mp4,1
3140620809_4.mp4,2
3141127259_1.mp4,1
3146075369_1.mp4,1
3146075369_2.mp4,3
3146075369_3.mp4,2
3146075369_4.mp4,3
3149260841_1.mp4,1
3149260841_2.mp4,2
3152320669_1.mp4,1
3154725198_2.mp4,1
3154725198_3.mp4,2
3154725198_4.mp4,1
3157922879_1.mp4,1
3157922879_2.mp4,2
3157922879_3.mp4,1
3177305364_1.mp4,1
3177305364_2.mp4,2
3184731814_2.mp4,1
3184731814_3.mp4,3
3184731814_4.mp4,2
3184731814_5.mp4,3
3192465133_1.mp4,1
3192465133_2.mp4,1
3192465133_3.mp4,2
3199227840_1.mp4,1
3199227840_2.mp4,2
3199227840_3.mp4,1
3199227840_4.mp4,2
3200431658_1.mp4,1
3200431658_2.mp4,1
3200431658_3.mp4,3
3200431658_4.mp4,3
3200431658_5.mp4,2
3200431658_6.mp4,3
3200431658_7.mp4,3
3204799568_1.mp4,1
3204799568_2.mp4,2
3222494581_1.mp4,1
3222494581_2.mp4,3
3222494581_3.mp4,3
3222494581_4.mp4,2
3222494581_5.mp4,1
3222850096_3.mp4,1
3222850096_4.mp4,2
3223844370_1.mp4,2
3223844370_2.mp4,2
3229479475_1.mp4,3
3229479475_3.mp4,3
3229479475_4.mp4,1
3229479475_5.mp4,1
3229479475_6.mp4,1
3229479475_7.mp4,2
3235523492_1.mp4,1
3235523492_2.mp4,2
3235523492_3.mp4,3
3235523492_4.mp4,3
3238427887_1.mp4,1
3238427887_2.mp4,2
3238427887_3.mp4,3
3238427887_4.mp4,3
3239870034_1.mp4,1
3239870034_2.mp4,2
3239870034_4.mp4,1
3239870034_5.mp4,3
3239870034_6.mp4,2
3248917664_1.mp4,1
3262705613_1.mp4,3
3262705613_2.mp4,1
3262705613_3.mp4,2
3274796601_1.mp4,1
3274796601_2.mp4,2
3276655678_1.mp4,1
3276655678_2.mp4,2
3282672547_1.mp4,1
3282672547_2.mp4,3
3282672547_3.mp4,2
3284255311_1.mp4,3
3284255311_2.mp4,1
3284255311_3.mp4,2
3301496208_1.mp4,3
3301496208_2.mp4,3
3301496208_3.mp4,1
3301496208_4.mp4,2
3308283542_1.mp4,1
3308283542_2.mp4,2
3313373785_4.mp4,1
3313373785_5.mp4,2
3313373785_6.mp4,3
3313373785_7.mp4,3
3316993135_1.mp4,3
3316993135_2.mp4,4
3316993135_3.mp4,3
3141127259_3.mp4,2
3317594708_2.mp4,1
3317594708_3.mp4,1
3317594708_4.mp4,1
3317594708_5.mp4,2
3317594708_6.mp4,1
3319438074_1.mp4,1
3319438074_2.mp4,2
3319438074_3.mp4,3
3319438074_4.mp4,1
3319438074_5.mp4,2
3321913886_1.mp4,1
3321913886_2.mp4,3
3321913886_3.mp4,2
3321913886_4.mp4,3
3321913886_5.mp4,1
3321913886_6.mp4,2
3327631194_1.mp4,3
3327631194_10.mp4,2
3327631194_12.mp4,1
3327631194_13.mp4,2
3327631194_2.mp4,3
3327631194_3.mp4,1
3327631194_4.mp4,3
3327631194_5.mp4,1
3327631194_6.mp4,3
3327631194_7.mp4,3
3327631194_8.mp4,1
3327631194_9.mp4,1
3334846821_1.mp4,1
3334846821_2.mp4,2
3334846821_3.mp4,3
3334846821_4.mp4,3
3341107804_1.mp4,1
3341107804_2.mp4,2
3341107804_3.mp4,1
3341107804_4.mp4,1
3341107804_5.mp4,2
3341107804_6.mp4,1
3344431322_1.mp4,1
3344431322_2.mp4,2
3344431322_3.mp4,1
3344994004_2.mp4,3
3344994004_3.mp4,3
3344994004_4.mp4,1
3344994004_5.mp4,1
3344994004_6.mp4,3
3344994004_7.mp4,1
3344994004_8.mp4,4
3348458594_1.mp4,1
3348458594_2.mp4,2
3348458594_3.mp4,1
3354883492_1.mp4,1
3354883492_2.mp4,2
3354883492_3.mp4,3
3354883492_4.mp4,3
3361978373_1.mp4,1
3361978373_2.mp4,2
3361978373_3.mp4,3
3361978373_4.mp4,3
3365508279_1.mp4,1
3365508279_2.mp4,2
3365508279_3.mp4,3
3365508279_4.mp4,3
3365730473_1.mp4,3
3365730473_2.mp4,1
3365730473_3.mp4,4
3365730473_4.mp4,2
3371272424_1.mp4,3
3371272424_2.mp4,1
3371272424_3.mp4,2
3378372036_1.mp4,1
3378372036_2.mp4,2
3378580742_1.mp4,2
3378580742_2.mp4,1
3378580742_3.mp4,3
3378580742_4.mp4,3
3378580742_5.mp4,3
3378580742_6.mp4,1
3378580742_7.mp4,2
3383983434_1.mp4,1
3383983434_2.mp4,2
3386232003_1.mp4,1
3386232003_2.mp4,2
3386232003_3.mp4,1
3386232003_4.mp4,2
3386232003_5.mp4,1
3386232003_6.mp4,2
3386232003_8.mp4,1
3386232003_9.mp4,1
3387309150_1.mp4,3
3387309150_2.mp4,1
3387309150_3.mp4,2
3387309150_4.mp4,1
3387309150_5.mp4,1
3387309150_6.mp4,1
3399223148_2.mp4,1
3399223148_3.mp4,2
3399223148_4.mp4,3
3399223148_5.mp4,3
3404666695_1.mp4,3
3404666695_2.mp4,1
3404666695_3.mp4,2
3446532904_1.mp4,3
3446532904_2.mp4,3
3446532904_3.mp4,1
3446532904_4.mp4,1
3446532904_5.mp4,2
3529271266_2.mp4,1
3529271266_3.mp4,2
3577324457_1.mp4,3
3577324457_3.mp4,1
3577324457_4.mp4,2
3692461502_1.mp4,3
3692461502_2.mp4,2
3692461502_3.mp4,4
3744121562_1.mp4,1
3744121562_2.mp4,2
3895211266_1.mp4,1
3895211266_2.mp4,2
3928581103_2.mp4,1
3928581103_3.mp4,2
3928581103_4.mp4,1
3928581103_5.mp4,2
3987564554_2.mp4,1
3987564554_3.mp4,2
3999897673_1.mp4,1
3999897673_2.mp4,1
3999897673_3.mp4,2
3999897673_4.mp4,2
3999897673_5.mp4,3
3999897673_6.mp4,3
4030923250_1.mp4,1
4030923250_2.mp4,2
4030923250_3.mp4,1
4189101291_1.mp4,1
4189101291_2.mp4,3
4203303930_2.mp4,1
4203303930_3.mp4,2
4203303930_4.mp4,3
4203303930_5.mp4,3
4230770772_1.mp4,1
4230770772_2.mp4,2
4241404304_1.mp4,1
4241404304_2.mp4,2
4245326330_1.mp4,3
4245326330_2.mp4,3
4245326330_3.mp4,1
4245326330_4.mp4,2
4271428518_1.mp4,4
4271428518_2.mp4,3
4271428518_3.mp4,3
4271428518_4.mp4,2
4271428518_5.mp4,1
4314560081_1.mp4,1
4314560081_10.mp4,3
4314560081_11.mp4,2
4314560081_12.mp4,2
4314560081_13.mp4,2
4314560081_14.mp4,3
4314560081_2.mp4,3
4314560081_3.mp4,3
4314560081_4.mp4,1
4314560081_5.mp4,2
4314560081_6.mp4,1
4314560081_7.mp4,1
4314560081_8.mp4,1
4314560081_9.mp4,3
4372097537_1.mp4,1
4372097537_2.mp4,3
4482529734_1.mp4,1
4482529734_4.mp4,1
4482529734_5.mp4,3
4497500318_1.mp4,3
4497500318_2.mp4,3
4576121017_1.mp4,3
4576121017_5.mp4,1
4576121017_6.mp4,2
4576121017_7.mp4,3
4576121017_8.mp4,3
4612389741_1.mp4,1
4612389741_2.mp4,3
4612389741_3.mp4,3
4612389741_4.mp4,3
4619682455_1.mp4,1
4619682455_2.mp4,3
4619682455_3.mp4,1
4619682455_4.mp4,3
4619682455_5.mp4,2
4647431520_2.mp4,1
4647431520_3.mp4,2
4647431520_4.mp4,3
4711487368_1.mp4,1
4711487368_2.mp4,2
4768985101_1.mp4,1
4768985101_2.mp4,2
4768985101_3.mp4,3
4768985101_4.mp4,3
4795982357_1.mp4,1
4795982357_2.mp4,3
4795982357_3.mp4,2
4795982357_4.mp4,3
4892202123_1.mp4,1
4892202123_2.mp4,2
4896567082_1.mp4,1
4896567082_2.mp4,3
4896567082_3.mp4,2
4896567082_4.mp4,3
4896567082_5.mp4,1
4896567082_6.mp4,2
4969409899_1.mp4,3
4969409899_2.mp4,3
4969409899_3.mp4,1
4969409899_4.mp4,2
5041919461_1.mp4,2
5151422913_1.mp4,1
5151422913_2.mp4,3
5151422913_4.mp4,3
5171589519_1.mp4,1
5171589519_2.mp4,2
5183670394_2.mp4,4
5183670394_3.mp4,3
5207373915_1.mp4,1
5207373915_2.mp4,2
5207373915_3.mp4,3
5266524906_3.mp4,1
5266524906_4.mp4,3
5266524906_5.mp4,1
5266524906_6.mp4,2
5349694918_1.mp4,1
5349694918_2.mp4,2
5419720668_1.mp4,1
5419720668_2.mp4,3
5419720668_3.mp4,2
5419720668_4.mp4,3
5507772643_1.mp4,1
5507772643_2.mp4,2
5507772643_3.mp4,3
5507772643_4.mp4,3
5514018660_1.mp4,3
5514018660_2.mp4,3
5514018660_3.mp4,3
5514018660_4.mp4,1
5514018660_5.mp4,1
5514018660_6.mp4,2
5514018660_7.mp4,1
5564551653_1.mp4,3
5564551653_2.mp4,1
5564551653_3.mp4,2
5564551653_4.mp4,3
5564551653_5.mp4,3
5564551653_6.mp4,2
5564551653_7.mp4,1
5591644890_1.mp4,1
5591644890_2.mp4,2
5591644890_3.mp4,1
5652548259_1.mp4,4
5652548259_10.mp4,2
5652548259_2.mp4,4
5652548259_3.mp4,2
5652548259_4.mp4,1
5652548259_6.mp4,3
5652548259_7.mp4,3
5652548259_8.mp4,1
5652548259_9.mp4,1
5658334914_1.mp4,1
5658334914_2.mp4,2
5724027388_1.mp4,1
5724027388_2.mp4,2
5725049388_11.mp4,3
5725049388_12.mp4,3
5725049388_13.mp4,1
5725049388_14.mp4,2
5725049388_3.mp4,1
5725049388_4.mp4,3
5725049388_5.mp4,2
5725049388_6.mp4,3
5730161099_1.mp4,1
5730161099_2.mp4,2
5730161099_3.mp4,1
5730161099_4.mp4,2
5735560753_1.mp4,1
5735560753_2.mp4,2
5735560753_3.mp4,1
5735560753_5.mp4,1
5802971989_1.mp4,4
5802971989_2.mp4,3
5802971989_3.mp4,3
5802971989_4.mp4,3
5802971989_5.mp4,3
5802971989_6.mp4,4
5802971989_7.mp4,2
5848428410_1.mp4,1
5848428410_2.mp4,1
5848428410_3.mp4,2
5848428410_4.mp4,1
5962099068_1.mp4,1
5962099068_2.mp4,1
5962099068_3.mp4,2
6047794220_2.mp4,3
6047794220_3.mp4,1
6047794220_4.mp4,1
6047794220_6.mp4,2
6047794220_7.mp4,2
6196214093_1.mp4,3
6196214093_2.mp4,3
6196214093_3.mp4,1
6196214093_4.mp4,2
6348732573_1.mp4,3
6348732573_2.mp4,1
6348732573_3.mp4,2
6360147401_1.mp4,1
6360147401_2.mp4,3
6360147401_3.mp4,2
6360147401_4.mp4,2
6373077464_1.mp4,1
6373077464_2.mp4,1
6373077464_3.mp4,2
6488333435_1.mp4,1
6488333435_2.mp4,2
6488333435_3.mp4,2
6569870079_3.mp4,3
6569870079_4.mp4,3
6569870079_5.mp4,1
6569870079_6.mp4,2
6614472001_1.mp4,1
6614472001_2.mp4,2
6622776917_1.mp4,1
6622776917_2.mp4,2
6622776917_3.mp4,3
6622776917_4.mp4,3
6691024759_1.mp4,1
6691024759_2.mp4,2
6702790599_1.mp4,1
6702790599_2.mp4,2
6883895450_2.mp4,1
6883895450_3.mp4,1
6883895450_4.mp4,2
6883895450_5.mp4,1
6883895450_6.mp4,3
6883895450_7.mp4,3
6883895450_8.mp4,3
6994998329_1.mp4,3
6994998329_2.mp4,3
6994998329_3.mp4,1
6994998329_4.mp4,2
7018962729_1.mp4,1
7018962729_2.mp4,2
7018962729_4.mp4,2
7018962729_5.mp4,3
7027302628_10.mp4,2
7027302628_11.mp4,2
7027302628_2.mp4,3
7027302628_3.mp4,3
7027302628_6.mp4,1
7027302628_7.mp4,1
7027302628_8.mp4,3
7027302628_9.mp4,3
7051329389_1.mp4,3
7051329389_2.mp4,1
7051329389_3.mp4,2
7051329389_4.mp4,1
7051329389_5.mp4,2
7092055708_1.mp4,3
7092055708_2.mp4,1
7092055708_3.mp4,2
7132384411_1.mp4,1
7132384411_2.mp4,2
7132384411_3.mp4,3
7132384411_4.mp4,3
7154724034_1.mp4,2
7154724034_2.mp4,2
7154724034_3.mp4,1
7171402733_10.mp4,3
7171402733_2.mp4,1
7171402733_3.mp4,2
7171402733_4.mp4,3
7171402733_5.mp4,1
7171402733_7.mp4,1
7171402733_8.mp4,2
7171402733_9.mp4,1
7182296843_1.mp4,1
7182296843_10.mp4,3
7182296843_11.mp4,3
7182296843_2.mp4,3
7182296843_3.mp4,2
7182296843_4.mp4,3
7182296843_5.mp4,1
7182296843_6.mp4,1
7182296843_7.mp4,2
7182296843_8.mp4,3
7182296843_9.mp4,3
7186255818_1.mp4,1
7186255818_2.mp4,2
7197263131_2.mp4,1
7197263131_3.mp4,3
7197263131_5.mp4,3
7197263131_6.mp4,3
7202387277_1.mp4,4
7202387277_2.mp4,2
7230461484_1.mp4,1
7230461484_2.mp4,1
7230461484_3.mp4,2
7230461484_4.mp4,1
7360006285_2.mp4,1
7360470715_2.mp4,1
7360470715_3.mp4,2
7360470715_4.mp4,1
7360470715_5.mp4,3
7372791959_1.mp4,1
7372791959_2.mp4,3
7372791959_3.mp4,3
7372791959_4.mp4,3
7495261681_1.mp4,1
7495261681_2.mp4,3
7495261681_3.mp4,1
7495261681_4.mp4,1
7720611977_1.mp4,1
7720611977_2.mp4,2
7729747530_1.mp4,1
7729747530_2.mp4,2
7847499337_1.mp4,3
7847499337_2.mp4,1
7847499337_3.mp4,2
7847499337_4.mp4,3
7847499337_5.mp4,3
7847499337_6.mp4,3
7847499337_7.mp4,1
7881544429_1.mp4,1
7881544429_2.mp4,3
7881544429_3.mp4,2
8008489334_1.mp4,1
8008489334_2.mp4,2
8010139642_1.mp4,1
8010139642_2.mp4,1
8010139642_3.mp4,2
8010139642_4.mp4,2
8015632829_1.mp4,1
8015632829_2.mp4,2
8015632829_3.mp4,3
8015632829_4.mp4,3
8054244662_1.mp4,3
8054244662_2.mp4,3
8054244662_3.mp4,1
8054244662_4.mp4,2
8054244662_5.mp4,3
8127049297_1.mp4,1
8127049297_2.mp4,2
8127049297_3.mp4,1
8208362080_1.mp4,3
8208362080_3.mp4,3
8208362080_4.mp4,1
8208362080_5.mp4,2
8208362080_6.mp4,2
8208362080_7.mp4,4
8220454031_1.mp4,1
8220454031_2.mp4,2
8220534755_2.mp4,3
8220534755_3.mp4,1
8220534755_4.mp4,2
8268360390_2.mp4,1
8268360390_3.mp4,2
8268360390_4.mp4,3
8268360390_5.mp4,3
8285209056_1.mp4,1
8285209056_2.mp4,3
8285209056_3.mp4,2
8285209056_4.mp4,3
8457862336_1.mp4,1
8457862336_2.mp4,1
8457862336_3.mp4,2
8466538371_1.mp4,3
8466538371_2.mp4,3
8471918802_1.mp4,1
8471918802_2.mp4,2
8471918802_4.mp4,1
8471918802_5.mp4,3
8486007747_1.mp4,1
8486007747_2.mp4,1
8486007747_3.mp4,3
8486007747_4.mp4,2
8537976107_1.mp4,3
8537976107_2.mp4,1
8537976107_3.mp4,2
8539619074_1.mp4,3
8539619074_2.mp4,1
8539619074_3.mp4,3
8539619074_4.mp4,2
8539619074_5.mp4,3
8539619074_6.mp4,1
8539619074_7.mp4,3
8539619074_8.mp4,3
8540766793_1.mp4,3
8540766793_2.mp4,1
8540766793_3.mp4,2
8540766793_4.mp4,1
8552620396_1.mp4,1
8552620396_2.mp4,2
8552620396_3.mp4,3
8552620396_5.mp4,3
8609171331_1.mp4,3
8609171331_2.mp4,1
8609171331_3.mp4,2
8622376888_1.mp4,1
8622376888_2.mp4,2
8622376888_3.mp4,1
8713217444_1.mp4,1
8713217444_2.mp4,2
8713217444_3.mp4,3
8713217444_4.mp4,3
8814220722_1.mp4,1
8814220722_2.mp4,2
8856928158_1.mp4,1
8856928158_2.mp4,4
8865010402_1.mp4,3
8865010402_2.mp4,4
8865010402_3.mp4,1
8865010402_4.mp4,3
8875809705_1.mp4,3
8875809705_2.mp4,1
8875809705_3.mp4,2
8877795247_1.mp4,3
8877795247_2.mp4,3
8877795247_3.mp4,1
8877795247_4.mp4,2
8877795247_5.mp4,1
8877795247_6.mp4,1
8899456174_1.mp4,3
8899456174_2.mp4,1
8899456174_3.mp4,2
9037422031_1.mp4,1
9037422031_2.mp4,2
9099811939_1.mp4,1
9099811939_2.mp4,2
9099811939_3.mp4,3
9214118356_1.mp4,1
9214118356_2.mp4,2
9214118356_3.mp4,1
9240636642_1.mp4,1
9240636642_2.mp4,2
9240636642_3.mp4,4
9240636642_4.mp4,2
9326178090_2.mp4,4
9326178090_3.mp4,1
9326178090_4.mp4,2
9326178090_5.mp4,3
9326178090_6.mp4,3
9413338203_1.mp4,3
9413338203_2.mp4,3
9413338203_3.mp4,1
9413338203_4.mp4,3
9413338203_5.mp4,2
9413338203_6.mp4,3
9450379844_1.mp4,3
9450379844_2.mp4,3
9450379844_3.mp4,1
9450379844_4.mp4,2
9553461754_1.mp4,1
9553461754_2.mp4,3
9553461754_3.mp4,2
9553461754_4.mp4,2
9553461754_5.mp4,2
9616380534_1.mp4,1
9616380534_2.mp4,1
9616380534_3.mp4,2
9616380534_4.mp4,3
9616380534_5.mp4,3
9685702289_1.mp4,3
9685702289_2.mp4,3
9685702289_3.mp4,1
9685702289_4.mp4,2
9735614160_1.mp4,1
9735614160_2.mp4,3
9735614160_3.mp4,2
9735614160_4.mp4,3
9835189779_1.mp4,3
9835189779_2.mp4,3
9835189779_3.mp4,1
9835189779_4.mp4,1
9835189779_5.mp4,2
9835189779_6.mp4,2
9839869285_1.mp4,1
9839869285_2.mp4,4
9874895239_1.mp4,4
9874895239_2.mp4,2
9908293473_2.mp4,1
9908293473_3.mp4,3
9908293473_4.mp4,2
9908293473_5.mp4,3
9926800545_1.mp4,4
9977289417_1.mp4,1
9977289417_2.mp4,3
9998358938_1.mp4,1
3141127259_2.mp4,2
3317594708_1.mp4,1
