video_id,label,is_usable,artifact_detected,severe_movement,forward_movement,incomplete_swallow,missing_swallow_start,bolus_present_initially,accessory_artifact,visibility_issue
1000159621_1.mp4,1,0.0,0.0,1.0,0.0,0,0,0,0,0
1005454012_1.mp4,1,0.0,0.0,1.0,1.0,0,0,0,0,0
1008442025_1.mp4,1,0.0,0.0,0.0,1.0,0,0,0,0,0
1010125904_2.mp4,1,1.0,0.0,0.0,0.0,0,0,0,0,0
1014634942_1.mp4,1,1.0,0.0,0.0,0.0,0,0,0,0,0
1014634942_2.mp4,1,1.0,0.0,0.0,0.0,0,0,0,0,0
1019701371_1.mp4,1,0.0,0.0,1.0,0.0,0,0,0,0,0
1028319627_3.mp4,1,0.5,0.0,0.0,0.0,0,0,0,0,0
1038549612_1.mp4,1,0.0,0.0,0.0,0.0,0,0,0,0,1
1056914254_1.mp4,1,0.0,0.0,0.0,0.0,0,0,0,0,0
1058062464_2.mp4,1,0.0,0.0,0.0,0.0,0,0,0,0,1
1058062464_3.mp4,1,0.0,0.0,0.0,0.0,0,0,0,0,1
1058062464_4.mp4,1,0.0,0.0,0.0,0.0,0,0,0,0,1
1059758209_1.mp4,1,0.8,0.0,0.0,0.0,0,0,0,0,0
1068771155_2.mp4,1,0.0,0.0,0.0,0.0,0,0,0,0,0
1075735108_1.mp4,1,0.8,0.0,0.0,0.0,0,0,0,0,0
1075735108_5.mp4,1,1.0,0.0,0.0,0.0,0,0,0,0,0
1080002002_3.mp4,1,1.0,0.0,0.0,0.0,0,0,0,0,0
1083350572_3.mp4,1,1.0,0.0,0.0,0.0,0,0,0,0,0
1087805134_1.mp4,1,1.0,0.0,0.0,0.0,0,0,0,0,0
1091777312_1.mp4,1,1.0,1.0,0.0,0.0,0,0,0,0,0
1097222869_1.mp4,1,1.0,0.0,0.0,0.0,0,0,0,0,0
1097222869_4.mp4,1,1.0,0.0,0.0,0.0,0,0,0,0,0
1099152644_1.mp4,1,1.0,0.0,0.0,0.0,0,0,0,0,0
1103425170_1.mp4,1,1.0,1.0,0.0,0.0,0,0,0,0,0
1103425170_4.mp4,1,0.0,1.0,0.0,0.0,0,1,0,0,0
1103425170_5.mp4,1,1.0,1.0,0.0,0.0,0,0,0,0,0
1112188182_1.mp4,1,1.0,0.0,0.0,0.0,0,0,0,0,0
1115859167_2.mp4,1,1.0,0.0,0.0,0.0,0,0,0,0,0
1119842656_3.mp4,1,0.8,0.0,0.0,0.0,0,0,0,0,0
1119842656_7.mp4,1,1.0,0.0,0.0,0.0,0,0,0,0,0
1128249220_1.mp4,1,1.0,0.0,1.0,0.0,0,0,0,0,0
1128249220_5.mp4,1,1.0,0.0,0.0,0.0,0,0,0,0,0
1128249220_8.mp4,1,0.6,1.0,1.0,1.0,0,0,0,0,0
1128939282_3.mp4,1,1.0,1.0,0.0,0.0,0,0,0,1,0
1128939282_4.mp4,1,1.0,1.0,0.0,0.0,0,0,0,1,0
1136027409_3.mp4,1,1.0,0.0,0.0,0.0,0,0,0,0,0
1136027409_5.mp4,1,1.0,0.0,0.0,0.0,1,0,0,0,0
1141687995_3.mp4,1,1.0,0.0,0.0,0.0,0,0,0,0,0
1145365666_1.mp4,1,1.0,1.0,0.0,0.0,0,0,0,0,0
1145365666_3.mp4,1,1.0,0.0,0.0,0.0,0,0,0,0,0
1145365666_7.mp4,1,0.4,0.0,1.0,0.0,0,0,1,0,0
1151609818_1.mp4,1,1.0,0.0,0.0,0.0,0,0,0,0,0
1158630303_3.mp4,1,0.4,0.0,1.0,1.0,0,0,0,0,0
1160276406_3.mp4,1,1.0,0.0,0.0,0.0,0,0,0,0,0
1160276406_5.mp4,1,0.6,0.0,0.0,0.0,0,0,0,0,0
1161125710_3.mp4,1,0.0,0.0,0.0,0.0,0,0,0,0,0
1161125710_4.mp4,1,1.0,0.0,0.0,0.0,0,1,0,0,0
1164386572_1.mp4,1,0.0,0.0,0.0,0.0,0,0,0,0,1
1164386572_2.mp4,1,0.0,0.0,1.0,0.0,0,0,0,0,0
1168157993_1.mp4,1,1.0,0.0,0.0,0.0,0,0,0,0,0
1172649584_3.mp4,1,0.0,0.0,0.0,0.0,0,0,0,0,0
1215783902_1.mp4,1,1.0,1.0,0.0,0.0,0,0,0,0,0
1218514267_3.mp4,1,1.0,0.0,0.0,0.0,0,0,0,1,0
1218514267_5.mp4,1,1.0,0.0,1.0,0.0,0,0,1,1,0
1219941668_1.mp4,1,1.0,0.0,0.0,0.0,0,0,0,0,0
1220799335_14.mp4,1,0.0,0.0,0.0,0.0,0,0,0,0,0
1220799335_15.mp4,1,0.0,0.0,0.0,0.0,0,0,0,0,0
1220799335_20.mp4,1,0.0,0.0,0.0,0.0,0,0,0,0,0
1220799335_21.mp4,1,0.0,0.0,0.0,0.0,0,0,0,0,0
1229464538_3.mp4,1,0.8,0.0,0.0,0.0,0,0,0,0,0
1229464538_4.mp4,1,0.0,0.0,1.0,0.0,0,0,0,0,0
1231585789_1.mp4,1,1.0,0.0,0.0,0.0,0,0,0,0,0
1233236836_4.mp4,1,0.0,0.0,0.0,0.0,0,0,0,0,0
1233236836_5.mp4,1,0.0,0.0,0.0,0.0,0,0,0,0,0
1233773040_1.mp4,1,1.0,1.0,0.0,0.0,0,0,0,0,0
1242500877_3.mp4,1,0.0,1.0,1.0,0.0,0,0,0,0,0
1242500877_4.mp4,1,0.0,1.0,1.0,0.0,0,0,0,0,0
1250066301_1.mp4,1,1.0,0.0,0.0,0.0,0,0,0,0,0
1253901141_3.mp4,1,0.0,1.0,0.0,0.0,0,0,0,0,0
1253933020_1.mp4,1,1.0,0.0,0.0,0.0,0,0,0,0,0
1253933020_2.mp4,1,1.0,0.0,0.0,0.0,0,0,0,0,0
1269738468_2.mp4,1,0.6,0.0,0.0,0.0,0,0,0,0,0
1273310070_2.mp4,1,1.0,0.0,0.0,0.0,0,0,0,0,0
1285814119_2.mp4,1,1.0,0.0,0.0,0.0,0,0,0,0,0
1286762800_3.mp4,1,0.0,0.0,0.0,0.0,0,0,0,0,0
1287019983_1.mp4,1,1.0,0.0,0.0,0.0,1,0,0,0,0
1303438154_2.mp4,1,0.8,0.0,0.0,0.0,0,0,0,0,0
1308082331_2.mp4,1,0.0,0.0,1.0,0.0,0,0,0,0,0
1308082331_4.mp4,1,0.0,0.0,1.0,1.0,0,0,0,0,0
1319439078_1.mp4,1,1.0,0.0,0.0,0.0,0,0,0,0,0
1320527162_1.mp4,1,0.0,1.0,1.0,0.0,0,0,0,0,1
1322068748_1.mp4,1,0.0,0.0,1.0,1.0,0,0,0,0,0
1329620608_1.mp4,1,0.0,1.0,0.0,0.0,0,0,0,0,0
1337173767_1.mp4,1,0.8,0.0,0.0,0.0,0,0,0,0,0
1346582284_1.mp4,1,1.0,0.0,0.0,0.0,0,0,0,0,0
1346582284_2.mp4,1,1.0,0.0,0.0,0.0,0,0,0,0,0
1353795333_1.mp4,1,1.0,0.0,0.0,0.0,0,0,0,0,0
1360867815_1.mp4,1,1.0,0.0,0.0,0.0,0,0,0,0,0
1365921363_1.mp4,1,1.0,0.0,0.0,0.0,1,0,0,0,0
1365921363_3.mp4,1,0.8,0.0,0.0,0.0,1,0,0,0,0
1366268489_3.mp4,1,1.0,0.0,0.0,0.0,0,0,0,0,0
1366268489_5.mp4,1,1.0,0.0,0.0,0.0,0,0,0,0,0
1367938420_1.mp4,1,1.0,0.0,0.0,0.0,1,0,0,0,1
1367938420_3.mp4,1,1.0,0.0,0.0,0.0,1,0,0,0,1
1367938420_4.mp4,1,0.0,0.0,0.0,0.0,0,1,0,0,1
1371433302_1.mp4,1,1.0,1.0,0.0,0.0,0,0,0,0,0
1375140102_1.mp4,1,0.0,1.0,1.0,0.0,0,0,0,0,0
1375140102_2.mp4,1,0.0,0.0,1.0,0.0,0,0,0,0,0
1375931856_1.mp4,1,0.0,0.0,1.0,0.0,0,1,0,0,0
1397215429_3.mp4,1,1.0,0.0,1.0,1.0,0,0,0,0,0
1399910490_3.mp4,1,1.0,0.0,1.0,0.0,0,0,0,0,0
1399910490_4.mp4,1,1.0,0.0,1.0,0.0,0,0,0,0,0
1405836002_1.mp4,1,1.0,1.0,0.0,0.0,0,0,0,0,0
1405836002_6.mp4,1,1.0,1.0,0.0,0.0,0,0,0,0,0
1412524765_1.mp4,1,1.0,1.0,0.0,0.0,0,0,0,0,0
1414957243_2.mp4,1,0.8,0.0,0.0,0.0,0,0,0,0,0
1426352241_4.mp4,1,1.0,0.0,0.0,0.0,0,0,0,0,0
1433223784_2.mp4,1,1.0,0.0,0.0,0.0,0,0,0,0,0
1436485706_1.mp4,1,0.0,0.0,0.0,0.0,0,0,0,0,0
1449460723_10.mp4,1,0.0,1.0,1.0,1.0,0,0,0,0,0
1449460723_4.mp4,1,1.0,1.0,0.0,0.0,0,1,0,0,0
1449460723_9.mp4,1,0.0,1.0,0.0,0.0,0,1,0,0,0
1451530480_2.mp4,1,0.0,0.0,0.0,0.0,0,0,0,0,0
1452226438_3.mp4,1,0.0,1.0,1.0,1.0,0,0,0,0,0
1452226438_4.mp4,1,0.0,1.0,1.0,0.0,0,0,0,0,0
1460783675_1.mp4,1,0.8,0.0,0.0,0.0,0,0,0,0,0
1462409956_1.mp4,1,0.6,0.0,0.0,0.0,0,0,0,0,0
1468385852_1.mp4,1,0.6,0.0,0.0,0.0,0,0,0,0,0
1471531759_3.mp4,1,0.6,0.0,0.0,0.0,0,0,0,0,0
1482942978_1.mp4,1,0.6,0.0,0.0,0.0,0,0,0,0,0
1482942978_3.mp4,1,0.6,1.0,0.0,0.0,0,0,0,0,0
1482957527_1.mp4,1,1.0,1.0,0.0,0.0,0,0,0,0,0
1482957527_3.mp4,1,0.0,0.0,1.0,0.0,0,0,0,0,1
1483125600_3.mp4,1,0.0,0.0,0.0,0.0,0,0,0,0,1
1483125600_4.mp4,1,1.0,0.0,0.0,0.0,0,0,0,1,0
1483125600_6.mp4,1,1.0,0.0,0.0,0.0,0,0,0,0,0
1486105847_3.mp4,1,0.0,0.0,1.0,0.0,0,0,0,0,1
1486105847_5.mp4,1,0.0,0.0,1.0,1.0,0,0,0,0,0
1486420052_1.mp4,1,1.0,1.0,0.0,0.0,0,0,0,0,0
1486627315_1.mp4,1,1.0,1.0,0.0,0.0,0,0,0,0,0
1488497976_1.mp4,1,0.8,1.0,0.0,0.0,0,0,0,0,0
1489847981_1.mp4,1,0.0,0.0,0.0,0.0,0,0,0,0,0
1489847981_3.mp4,1,1.0,1.0,0.0,0.0,0,0,0,0,0
1493734031_1.mp4,1,0.8,0.0,0.0,0.0,0,0,0,0,0
1497191315_1.mp4,1,1.0,0.0,0.0,0.0,0,0,0,0,0
1497191315_2.mp4,1,1.0,0.0,1.0,0.0,0,0,0,0,0
1505578024_1.mp4,1,0.0,1.0,0.0,0.0,0,0,0,0,0
1508044803_4.mp4,1,0.0,0.0,0.0,0.0,0,0,0,0,0
1516527184_1.mp4,1,0.0,0.0,1.0,0.0,0,0,0,0,0
1516527184_5.mp4,1,0.8,0.0,0.0,0.0,0,0,0,0,0
1529638626_1.mp4,1,1.0,1.0,0.0,0.0,0,0,0,0,0
1530092523_2.mp4,1,0.8,1.0,0.0,0.0,0,0,0,0,0
1548519398_2.mp4,1,0.8,0.0,0.0,0.0,0,0,0,0,0
1553306520_2.mp4,1,0.8,0.0,0.0,0.0,0,0,0,0,0
1559444078_4.mp4,1,1.0,1.0,0.0,0.0,0,0,0,0,0
1568866720_1.mp4,1,0.0,0.0,1.0,0.0,0,0,0,0,0
1569168179_1.mp4,1,0.0,0.0,1.0,0.0,0,0,0,0,0
1578211050_1.mp4,1,0.6,0.0,0.0,0.0,0,0,0,0,0
1578211050_2.mp4,1,0.0,0.0,0.0,0.0,0,0,0,0,0
1578211050_3.mp4,1,0.0,0.0,0.0,0.0,0,0,0,0,0
1584030164_2.mp4,1,1.0,0.0,0.0,0.0,0,0,0,0,0
1588463939_10.mp4,1,1.0,1.0,0.0,0.0,0,0,0,0,0
1588463939_6.mp4,1,1.0,1.0,0.0,0.0,0,0,0,0,0
1592757797_3.mp4,1,1.0,0.0,0.0,0.0,0,0,0,0,0
1594810938_5.mp4,1,0.0,0.0,0.0,0.0,1,0,0,0,0
1601636689_2.mp4,1,0.0,0.0,0.0,0.0,0,0,0,0,0
1601636689_3.mp4,1,0.6,1.0,0.0,0.0,0,0,0,0,0
1602546616_1.mp4,1,0.6,0.0,0.0,0.0,0,0,0,0,0
1612366877_1.mp4,1,1.0,0.0,0.0,0.0,0,0,0,0,0
1614985606_1.mp4,1,0.0,1.0,0.0,0.0,0,0,0,0,0
1614985606_3.mp4,1,1.0,1.0,0.0,1.0,0,0,0,0,0
1615088387_1.mp4,1,1.0,1.0,0.0,0.0,0,0,0,0,0
1615474869_7.mp4,1,1.0,0.0,0.0,0.0,0,0,0,0,0
1634161857_1.mp4,1,1.0,1.0,0.0,0.0,0,0,0,0,0
1634161857_3.mp4,1,1.0,0.0,0.0,0.0,0,0,0,0,0
1641464171_1.mp4,1,1.0,0.0,0.0,0.0,0,0,0,0,0
1644821385_5.mp4,1,0.0,0.0,0.0,0.0,0,0,0,0,0
1653497805_1.mp4,1,1.0,0.0,0.0,0.0,0,0,0,0,0
1653497805_4.mp4,1,1.0,0.0,0.0,0.0,1,0,0,0,0
1653497805_5.mp4,1,1.0,0.0,0.0,0.0,0,1,0,0,0
1653497805_6.mp4,1,1.0,0.0,0.0,0.0,0,1,0,0,0
1653726197_1.mp4,1,1.0,0.0,0.0,0.0,0,0,0,0,0
1653726197_3.mp4,1,0.8,0.0,0.0,0.0,0,0,0,0,0
1654222242_2.mp4,1,0.6,0.0,0.0,0.0,0,0,0,1,0
1654222242_3.mp4,1,0.8,0.0,0.0,0.0,0,0,0,1,0
1654222242_5.mp4,1,1.0,0.0,0.0,0.0,0,0,0,0,0
1654222242_7.mp4,1,0.8,1.0,0.0,0.0,0,0,0,0,0
1675081368_2.mp4,1,1.0,0.0,0.0,0.0,0,0,0,0,0
1675081368_7.mp4,1,0.8,0.0,0.0,0.0,0,0,0,0,0
1680917674_2.mp4,1,1.0,1.0,0.0,0.0,0,0,0,0,0
1680917674_4.mp4,1,1.0,1.0,0.0,0.0,0,0,0,0,0
1689122363_1.mp4,1,0.8,1.0,0.0,0.0,0,0,0,0,0
1696944460_1.mp4,1,1.0,0.0,0.0,0.0,0,0,0,0,0
1696944460_5.mp4,1,0.8,0.0,0.0,0.0,0,0,0,0,0
1696944460_6.mp4,1,1.0,1.0,0.0,0.0,0,0,0,0,0
1696944460_8.mp4,1,1.0,1.0,0.0,0.0,0,0,0,0,0
1700247672_1.mp4,1,0.6,0.0,0.0,0.0,0,0,0,0,1
1700247672_2.mp4,1,1.0,0.0,0.0,0.0,0,0,0,0,0
1700247672_3.mp4,1,1.0,0.0,0.0,0.0,0,0,0,0,0
1700247672_4.mp4,1,0.8,0.0,0.0,0.0,0,0,0,0,0
1700247672_5.mp4,1,0.8,0.0,0.0,0.0,0,0,0,0,0
1701125349_1.mp4,1,1.0,0.0,0.0,0.0,0,0,0,0,0
1708038698_2.mp4,1,0.8,1.0,0.0,0.0,0,0,0,0,0
1728791857_1.mp4,1,1.0,0.0,0.0,0.0,0,0,0,0,0
1731922249_2.mp4,1,0.0,0.0,0.0,0.0,0,0,0,0,0
1731922249_5.mp4,1,0.0,0.0,0.0,0.0,0,0,0,0,0
1732144670_4.mp4,1,1.0,1.0,0.0,0.0,0,0,0,0,0
1734149365_3.mp4,1,0.0,0.0,0.0,0.0,0,0,0,0,0
1746101975_1.mp4,1,0.6,0.0,0.0,0.0,0,0,0,0,0
1746101975_5.mp4,1,0.6,1.0,0.0,0.0,0,0,0,0,0
1761303717_1.mp4,1,0.0,1.0,0.0,0.0,0,0,0,0,1
1768371122_3.mp4,1,0.0,0.0,1.0,1.0,0,0,0,0,0
1768371122_8.mp4,1,1.0,0.0,0.0,0.0,0,1,0,0,0
1768728622_1.mp4,1,1.0,0.0,0.0,0.0,0,0,0,0,0
1778147995_1.mp4,1,0.0,0.0,1.0,0.0,0,0,0,0,0
1779208413_1.mp4,1,1.0,0.0,0.0,0.0,0,0,1,0,0
1779716914_10.mp4,1,0.0,1.0,0.0,0.0,1,0,0,0,0
1779716914_4.mp4,1,1.0,1.0,0.0,0.0,0,0,0,0,1
1779716914_5.mp4,1,1.0,1.0,0.0,0.0,1,0,0,0,0
1779716914_6.mp4,1,0.0,1.0,1.0,0.0,1,0,0,0,0
1779716914_7.mp4,1,0.0,1.0,0.0,0.0,0,1,0,0,0
1779716914_9.mp4,1,0.0,1.0,0.0,0.0,1,0,0,0,0
1789401026_1.mp4,1,0.0,1.0,0.0,0.0,0,0,0,0,0
1789401026_5.mp4,1,1.0,0.0,0.0,0.0,1,0,0,0,0
1789401026_7.mp4,1,1.0,0.0,0.0,0.0,0,0,1,0,0
1789745484_4.mp4,1,0.0,0.0,0.0,0.0,0,0,0,0,0
1800411656_1.mp4,1,1.0,0.0,0.0,0.0,0,0,0,0,0
1803890116_1.mp4,1,1.0,1.0,0.0,0.0,0,0,0,0,0
1807776220_2.mp4,1,0.0,0.0,0.0,0.0,0,0,0,0,0
1811152736_1.mp4,1,0.0,0.0,0.0,0.0,0,0,0,0,0
1811152736_3.mp4,1,0.8,0.0,0.0,0.0,0,0,0,0,0
1813618534_4.mp4,1,1.0,1.0,0.0,0.0,0,0,0,0,0
1813618534_5.mp4,1,1.0,1.0,0.0,0.0,0,0,0,0,0
1813618534_7.mp4,1,0.0,1.0,1.0,0.0,0,0,0,0,0
1820206445_1.mp4,1,0.0,0.0,0.0,0.0,0,0,0,0,0
1829231076_1.mp4,1,1.0,0.0,0.0,0.0,1,0,0,0,0
1829231076_5.mp4,1,1.0,0.0,0.0,0.0,1,0,0,0,0
1830061762_2.mp4,1,1.0,0.0,0.0,0.0,0,0,0,0,0
1832848927_1.mp4,1,1.0,0.0,0.0,0.0,0,0,0,0,0
1832848927_3.mp4,1,1.0,0.0,0.0,0.0,0,0,0,0,0
1837702174_3.mp4,1,0.0,0.0,0.0,1.0,0,0,0,0,0
1839262043_1.mp4,1,1.0,1.0,0.0,0.0,0,0,0,0,0
1853920600_1.mp4,1,0.0,1.0,1.0,0.0,0,0,0,0,0
1853920600_2.mp4,1,0.8,1.0,1.0,0.0,0,0,0,0,0
1855965270_1.mp4,1,1.0,1.0,0.0,0.0,0,0,0,0,0
1856067358_3.mp4,1,0.6,0.0,0.0,0.0,0,0,0,0,0
1856067358_4.mp4,1,0.6,0.0,0.0,0.0,0,0,0,0,0
1869495371_4.mp4,1,1.0,0.0,0.0,0.0,0,0,0,0,0
1875464739_1.mp4,1,0.0,0.0,0.0,0.0,0,0,1,0,0
1880419296_1.mp4,1,1.0,0.0,0.0,0.0,0,0,0,0,0
1880419296_2.mp4,1,1.0,0.0,0.0,0.0,0,0,0,0,0
1881062109_1.mp4,1,1.0,0.0,0.0,0.0,0,0,0,0,0
1882046505_4.mp4,1,0.6,0.0,0.0,0.0,0,0,0,0,0
1886829065_1.mp4,1,0.0,0.0,0.0,0.0,0,0,0,0,0
1895596372_1.mp4,1,1.0,0.0,0.0,0.0,0,0,0,0,0
1897327298_5.mp4,1,0.0,0.0,0.0,0.0,0,0,0,0,0
1904176600_1.mp4,1,1.0,0.0,0.0,0.0,0,0,0,0,0
1904815238_4.mp4,1,0.6,0.0,0.0,0.0,0,1,0,0,0
1905890272_1.mp4,1,0.8,0.0,0.0,0.0,0,1,0,0,0
1905890272_4.mp4,1,0.0,0.0,1.0,0.0,1,0,0,0,0
1905890272_5.mp4,1,1.0,0.0,0.0,0.0,0,0,0,0,0
1911001813_1.mp4,1,0.0,0.0,1.0,0.0,0,0,0,0,0
1911538421_1.mp4,1,0.8,0.0,0.0,0.0,0,0,0,1,0
1915313180_1.mp4,1,1.0,0.0,0.0,0.0,0,0,0,0,0
1917050363_5.mp4,1,1.0,1.0,0.0,0.0,0,0,0,0,0
1917050363_7.mp4,1,1.0,1.0,0.0,0.0,0,0,0,0,0
1934508415_2.mp4,1,0.0,1.0,0.0,0.0,0,0,0,0,1
1952211705_2.mp4,1,1.0,1.0,0.0,0.0,0,0,0,0,0
1952211705_4.mp4,1,1.0,0.0,0.0,0.0,0,0,0,0,0
1963818305_1.mp4,1,1.0,0.0,0.0,0.0,0,0,0,0,0
1966060027_1.mp4,1,0.6,0.0,0.0,0.0,0,0,0,0,0
1975703256_2.mp4,1,1.0,0.0,0.0,0.0,0,0,0,0,0
1975869477_1.mp4,1,0.0,1.0,1.0,0.0,0,0,0,0,0
1976055069_1.mp4,1,0.0,0.0,1.0,0.0,0,0,0,0,0
1980515547_1.mp4,1,0.0,0.0,1.0,0.0,0,0,0,0,0
1989723534_11.mp4,1,0.6,0.0,0.0,0.0,0,0,0,0,0
1989723534_6.mp4,1,0.8,0.0,0.0,1.0,0,0,0,0,0
1995997733_1.mp4,1,1.0,0.0,0.0,0.0,0,0,0,1,0
1995997733_4.mp4,1,1.0,0.0,0.0,0.0,0,0,0,0,0
2002518741_1.mp4,1,1.0,1.0,0.0,0.0,0,0,0,0,0
2002518741_3.mp4,1,1.0,1.0,0.0,0.0,0,0,0,0,0
2003003204_1.mp4,1,1.0,0.0,0.0,0.0,0,0,0,0,0
2017695736_4.mp4,1,1.0,1.0,0.0,0.0,0,0,0,0,0
2017695736_5.mp4,1,1.0,1.0,0.0,0.0,0,0,0,0,0
2018509303_1.mp4,1,1.0,0.0,0.0,0.0,0,0,1,0,0
2020798926_1.mp4,1,1.0,1.0,0.0,0.0,0,0,0,0,0
2020840400_11.mp4,1,1.0,0.0,1.0,0.0,0,0,0,0,0
2020840400_13.mp4,1,1.0,0.0,0.0,0.0,0,0,0,0,0
2020840400_3.mp4,1,1.0,1.0,0.0,0.0,0,0,0,0,0
2020840400_4.mp4,1,1.0,0.0,0.0,0.0,0,0,0,0,0
2020840400_9.mp4,1,1.0,0.0,0.0,0.0,0,0,0,0,0
2023812209_1.mp4,1,0.0,0.0,1.0,0.0,0,0,0,0,0
2023812209_3.mp4,1,0.4,0.0,0.0,0.0,0,0,0,0,0
2031572952_1.mp4,1,0.0,0.0,1.0,0.0,0,0,0,0,0
2045772327_1.mp4,1,0.0,0.0,0.0,0.0,0,1,0,0,0
2048236768_1.mp4,1,1.0,0.0,0.0,0.0,0,0,0,0,0
2050098672_3.mp4,1,1.0,0.0,0.0,0.0,0,0,0,0,0
2058446705_2.mp4,1,0.0,1.0,0.0,1.0,0,0,0,0,0
2058446705_4.mp4,1,0.0,1.0,0.0,0.0,0,0,0,0,0
2070777067_1.mp4,1,0.0,0.0,1.0,0.0,0,0,0,0,0
2072191486_3.mp4,1,1.0,0.0,0.0,0.0,0,0,0,0,0
2072353411_2.mp4,1,1.0,0.0,0.0,0.0,0,0,0,0,0
2085547967_3.mp4,1,1.0,0.0,0.0,0.0,0,0,0,1,0
2085547967_5.mp4,1,0.8,0.0,1.0,0.0,0,0,0,1,0
2098216775_1.mp4,1,1.0,0.0,0.0,0.0,0,0,0,0,0
2098216775_3.mp4,1,1.0,0.0,0.0,0.0,0,0,0,0,0
2104229340_1.mp4,1,0.0,0.0,0.0,0.0,0,0,0,0,1
2105200885_4.mp4,1,1.0,0.0,0.0,0.0,0,0,0,0,0
2111273585_1.mp4,1,1.0,1.0,0.0,0.0,1,0,0,0,0
2111273585_2.mp4,1,1.0,1.0,0.0,0.0,1,0,0,0,0
2113244667_168.mp4,1,1.0,1.0,0.0,0.0,1,0,0,0,0
2113244667_169.mp4,1,1.0,1.0,0.0,0.0,1,0,0,0,0
2113244667_170.mp4,1,0.0,0.0,0.0,0.0,1,0,0,0,0
2113244667_171.mp4,1,0.0,0.0,0.0,0.0,1,0,0,0,0
2118558337_3.mp4,1,0.0,0.0,1.0,0.0,0,0,0,0,0
2118558337_4.mp4,1,1.0,0.0,0.0,0.0,0,0,0,0,0
2123269328_1.mp4,1,1.0,0.0,0.0,0.0,0,0,0,0,0
2130416164_1.mp4,1,1.0,0.0,0.0,0.0,0,0,0,0,0
2130416164_2.mp4,1,1.0,0.0,0.0,0.0,0,0,0,0,0
2136000051_1.mp4,1,0.0,0.0,0.0,0.0,1,0,0,0,0
2140022347_3.mp4,1,1.0,0.0,0.0,0.0,0,0,0,0,0
2140022347_5.mp4,1,1.0,0.0,0.0,0.0,1,0,0,0,0
2146117575_1.mp4,1,0.4,0.0,0.0,0.0,0,0,0,0,0
2150940820_1.mp4,1,0.0,0.0,1.0,0.0,0,0,0,0,0
2150940820_5.mp4,1,0.6,0.0,0.0,0.0,0,0,0,0,0
2155812489_1.mp4,1,0.4,1.0,1.0,0.0,0,0,0,0,0
2156406476_1.mp4,1,0.0,0.0,0.0,0.0,0,0,0,0,0
2158945108_1.mp4,1,1.0,1.0,0.0,0.0,1,0,0,0,0
2159046845_1.mp4,1,0.8,0.0,0.0,0.0,0,0,0,0,0
2159046845_3.mp4,1,1.0,0.0,0.0,0.0,0,0,0,0,0
2159046845_5.mp4,1,0.0,0.0,0.0,0.0,0,0,0,0,0
2161269904_1.mp4,1,1.0,0.0,0.0,0.0,1,1,0,0,0
2161269904_3.mp4,1,0.0,0.0,0.0,0.0,1,0,0,0,0
2167481699_2.mp4,1,0.8,0.0,0.0,0.0,0,0,0,0,0
2169399583_1.mp4,1,1.0,0.0,0.0,0.0,0,0,0,0,0
2169399583_3.mp4,1,1.0,0.0,0.0,0.0,1,0,0,0,0
2169399583_4.mp4,1,0.8,0.0,0.0,0.0,0,1,0,0,0
2172448806_2.mp4,1,0.6,0.0,0.0,0.0,0,0,0,0,0
2172448806_5.mp4,1,0.6,0.0,0.0,0.0,1,0,0,0,0
2172448806_6.mp4,1,0.6,0.0,0.0,0.0,1,1,0,0,0
2175935006_1.mp4,1,1.0,0.0,0.0,0.0,0,0,0,0,1
2175935006_2.mp4,1,1.0,0.0,0.0,0.0,0,0,0,0,0
2181277136_3.mp4,1,1.0,0.0,0.0,0.0,0,0,0,0,0
2181277136_5.mp4,1,0.0,0.0,1.0,1.0,0,0,0,0,0
2182388438_1.mp4,1,0.0,0.0,1.0,1.0,0,0,0,0,0
2186677863_3.mp4,1,1.0,1.0,0.0,0.0,0,0,0,0,0
2191491251_5.mp4,1,1.0,0.0,0.0,0.0,0,0,0,0,0
2191491251_6.mp4,1,1.0,0.0,0.0,0.0,0,0,0,0,0
2191782293_1.mp4,1,0.8,0.0,0.0,0.0,1,1,0,0,0
2195615059_1.mp4,1,0.8,0.0,1.0,0.0,0,0,0,0,1
2195615059_2.mp4,1,0.8,0.0,0.0,0.0,0,0,0,0,1
2212558534_1.mp4,1,1.0,0.0,1.0,0.0,0,0,0,0,0
2216606813_1.mp4,1,0.0,0.0,0.0,0.0,1,0,0,0,0
2216729262_4.mp4,1,0.0,0.0,1.0,0.0,0,0,0,0,0
2216729262_6.mp4,1,0.0,1.0,0.0,0.0,0,0,0,0,0
2216729262_9.mp4,1,0.8,1.0,0.0,0.0,0,0,0,0,0
2218529134_2.mp4,1,1.0,0.0,0.0,0.0,0,0,0,0,0
2221322731_19.mp4,1,1.0,0.0,0.0,0.0,0,0,0,0,0
2221322731_6.mp4,1,1.0,0.0,0.0,0.0,0,0,0,0,0
2229969900_1.mp4,1,1.0,0.0,0.0,0.0,1,0,0,0,0
2237340741_1.mp4,1,1.0,0.0,0.0,0.0,0,0,0,1,0
2237516489_1.mp4,1,1.0,0.0,0.0,0.0,0,0,0,0,0
2239669626_2.mp4,1,0.8,0.0,0.0,0.0,0,0,0,0,0
2241391792_1.mp4,1,1.0,0.0,0.0,0.0,0,0,0,1,0
2241391792_2.mp4,1,1.0,0.0,0.0,0.0,0,0,0,1,0
2247382904_1.mp4,1,1.0,0.0,0.0,0.0,0,0,0,0,0
2260724343_1.mp4,1,1.0,0.0,0.0,0.0,0,0,0,0,0
2268889404_2.mp4,1,1.0,1.0,0.0,0.0,0,0,0,0,0
2272976444_1.mp4,1,1.0,0.0,0.0,0.0,0,0,0,0,0
2277302554_1.mp4,1,0.0,0.0,1.0,0.0,0,0,0,0,0
2282518648_1.mp4,1,0.4,0.0,1.0,0.0,0,0,0,0,0
2295533863_1.mp4,1,0.0,0.0,1.0,0.0,0,0,0,0,0
2295533863_2.mp4,1,1.0,1.0,0.0,0.0,0,0,0,0,0
2295533863_6.mp4,1,1.0,1.0,0.0,0.0,1,0,1,0,0
2295533863_7.mp4,1,0.0,1.0,1.0,0.0,0,0,0,0,0
2298744536_2.mp4,1,0.0,0.0,0.0,0.0,0,0,0,0,0
2298744536_4.mp4,1,1.0,0.0,0.0,0.0,0,0,1,0,0
2301343701_1.mp4,1,0.0,0.0,0.0,0.0,0,0,0,0,1
2304935084_1.mp4,1,0.0,0.0,0.0,0.0,0,0,0,0,0
2304935084_4.mp4,1,1.0,0.0,0.0,0.0,0,0,0,0,0
2304935084_6.mp4,1,0.0,0.0,0.0,0.0,0,1,0,0,0
2305233102_1.mp4,1,0.0,0.0,1.0,0.0,0,0,0,0,0
2305233102_2.mp4,1,0.0,0.0,1.0,0.0,0,0,0,0,0
2305233102_4.mp4,1,0.0,0.0,0.0,0.0,0,0,0,0,0
2319065214_1.mp4,1,1.0,0.0,0.0,0.0,0,0,0,0,0
2319065214_3.mp4,1,1.0,0.0,0.0,0.0,0,0,0,0,0
2319065214_5.mp4,1,0.6,0.0,0.0,0.0,0,0,0,0,0
2319065214_6.mp4,1,0.0,0.0,1.0,0.0,0,0,0,0,0
2319065214_7.mp4,1,0.0,0.0,1.0,0.0,0,0,0,0,0
2321580038_1.mp4,1,1.0,0.0,1.0,0.0,0,0,0,0,0
2321580038_5.mp4,1,0.0,0.0,1.0,0.0,0,0,0,0,0
2332855771_1.mp4,1,0.0,0.0,1.0,0.0,0,0,0,0,0
2333020490_1.mp4,1,0.0,0.0,1.0,0.0,0,0,0,0,0
2355587927_2.mp4,1,1.0,0.0,0.0,0.0,0,0,0,0,0
2356272803_1.mp4,1,0.0,0.0,1.0,1.0,0,0,0,0,0
2356272803_4.mp4,1,0.0,0.0,1.0,0.0,0,0,0,0,0
2356736155_1.mp4,1,1.0,1.0,0.0,0.0,0,0,0,0,0
2357535395_1.mp4,1,0.8,0.0,0.0,0.0,0,0,0,0,0
2378876277_1.mp4,1,1.0,1.0,0.0,0.0,0,0,0,0,0
2378876277_5.mp4,1,0.8,0.0,1.0,0.0,1,0,0,0,0
2378876277_7.mp4,1,1.0,0.0,0.0,0.0,0,0,0,0,0
2378876277_9.mp4,1,0.0,0.0,0.0,0.0,0,0,0,0,0
2392286687_2.mp4,1,0.0,0.0,1.0,0.0,0,0,0,0,0
2398059608_1.mp4,1,0.0,0.0,0.0,0.0,0,0,0,0,0
2398059608_2.mp4,1,0.0,0.0,1.0,0.0,0,0,0,0,0
2398059608_5.mp4,1,0.0,0.0,0.0,0.0,0,0,0,0,0
2402281196_1.mp4,1,0.8,0.0,0.0,0.0,0,0,0,0,0
2402281196_7.mp4,1,0.0,0.0,0.0,0.0,0,0,0,0,0
2409143794_1.mp4,1,1.0,0.0,0.0,0.0,0,0,0,0,0
2416179145_1.mp4,1,1.0,0.0,0.0,0.0,1,0,0,0,0
2420779831_3.mp4,1,0.0,0.0,1.0,0.0,0,0,0,0,1
2420779831_4.mp4,1,1.0,0.0,0.0,0.0,0,0,0,0,0
2423330505_1.mp4,1,0.0,0.0,0.0,0.0,1,0,1,0,0
2423330505_2.mp4,1,0.0,0.0,0.0,0.0,0,1,0,0,0
2451596517_2.mp4,1,1.0,0.0,0.0,0.0,1,0,1,0,0
2455991908_1.mp4,1,1.0,0.0,0.0,0.0,0,0,0,0,0
2458132888_3.mp4,1,1.0,0.0,0.0,0.0,0,0,0,0,0
2458132888_5.mp4,1,0.0,0.0,0.0,0.0,0,1,0,0,0
2458132888_6.mp4,1,1.0,0.0,1.0,0.0,0,0,0,0,0
2477682378_10.mp4,1,0.0,0.0,0.0,0.0,0,0,0,0,0
2477682378_2.mp4,1,1.0,0.0,1.0,0.0,0,0,0,0,0
2477682378_6.mp4,1,0.4,0.0,1.0,0.0,1,0,0,0,0
2477682378_8.mp4,1,0.0,0.0,0.0,0.0,0,0,0,0,0
2483061180_1.mp4,1,1.0,0.0,1.0,0.0,0,0,0,0,0
2491500024_3.mp4,1,1.0,1.0,0.0,0.0,0,0,0,0,0
2493771018_1.mp4,1,1.0,1.0,0.0,0.0,0,0,0,0,0
2493771018_3.mp4,1,1.0,0.0,0.0,0.0,0,0,0,0,0
2493771018_4.mp4,1,1.0,0.0,0.0,0.0,0,0,0,0,0
2496285695_1.mp4,1,1.0,1.0,0.0,0.0,0,0,0,0,0
2496285695_3.mp4,1,1.0,1.0,0.0,0.0,0,0,0,0,0
2504396484_11.mp4,1,1.0,0.0,0.0,0.0,0,0,0,0,0
2504396484_16.mp4,1,1.0,0.0,0.0,0.0,0,0,0,0,0
2504396484_18.mp4,1,0.0,0.0,1.0,0.0,0,0,0,0,0
2504396484_4.mp4,1,0.0,1.0,0.0,0.0,0,0,0,0,0
2504396484_5.mp4,1,0.8,1.0,0.0,0.0,0,0,0,0,0
2504396484_9.mp4,1,0.8,0.0,0.0,0.0,0,0,0,0,0
2506482356_1.mp4,1,1.0,1.0,0.0,0.0,0,0,0,0,0
2507048568_1.mp4,1,0.0,0.0,0.0,0.0,0,0,0,0,0
2507048568_10.mp4,1,0.0,0.0,0.0,0.0,0,0,0,0,0
2507048568_11.mp4,1,0.0,0.0,0.0,0.0,0,0,0,0,0
2507048568_2.mp4,1,0.0,0.0,1.0,0.0,0,0,0,0,0
2509886956_1.mp4,1,0.0,0.0,1.0,0.0,0,0,0,0,0
2514886998_3.mp4,1,1.0,0.0,0.0,0.0,0,0,0,0,0
2514886998_5.mp4,1,0.6,0.0,1.0,0.0,0,0,0,0,0
2515570389_1.mp4,1,0.8,0.0,0.0,0.0,0,0,0,0,0
2517533279_1.mp4,1,0.0,0.0,0.0,0.0,0,0,0,0,0
2517533279_3.mp4,1,0.0,0.0,0.0,0.0,0,0,0,0,0
2517563277_2.mp4,1,1.0,0.0,0.0,0.0,0,0,0,0,0
2526457947_6.mp4,1,0.6,0.0,1.0,0.0,0,0,0,0,0
2526457947_7.mp4,1,0.8,1.0,0.0,0.0,1,0,0,0,0
2541564376_1.mp4,1,1.0,0.0,0.0,0.0,0,0,0,0,0
2551120614_1.mp4,1,0.0,0.0,1.0,0.0,0,0,0,0,0
2562692911_3.mp4,1,0.0,0.0,1.0,1.0,1,0,0,0,0
2580016761_4.mp4,1,1.0,0.0,0.0,0.0,0,0,0,0,0
2580016761_5.mp4,1,1.0,0.0,0.0,0.0,0,0,0,0,0
2581532788_7.mp4,1,0.0,0.0,1.0,0.0,0,0,0,0,0
2583139742_3.mp4,1,0.0,0.0,1.0,0.0,0,0,0,0,0
2583604472_1.mp4,1,1.0,1.0,0.0,0.0,0,0,0,0,0
2584537123_1.mp4,1,0.0,0.0,0.0,0.0,0,0,0,0,0
2603356639_3.mp4,1,1.0,1.0,0.0,0.0,0,0,0,0,0
2603356639_4.mp4,1,1.0,1.0,0.0,0.0,0,0,0,0,0
2603356639_6.mp4,1,0.8,0.0,0.0,0.0,0,0,0,0,0
2603356639_7.mp4,1,0.8,1.0,1.0,0.0,0,0,0,0,0
2609037672_2.mp4,1,1.0,0.0,0.0,0.0,0,0,0,0,0
2617227814_1.mp4,1,0.0,0.0,0.0,0.0,0,0,0,0,0
2617227814_3.mp4,1,0.0,0.0,0.0,0.0,0,0,0,0,0
2624103613_1.mp4,1,1.0,1.0,0.0,0.0,0,0,0,0,0
2624167931_1.mp4,1,1.0,1.0,0.0,0.0,0,0,0,0,0
2624167931_3.mp4,1,1.0,1.0,1.0,0.0,0,0,0,0,0
2626496934_2.mp4,1,0.0,0.0,0.0,0.0,0,0,0,0,0
2629100286_1.mp4,1,0.0,0.0,0.0,0.0,0,0,0,0,0
2642100894_3.mp4,1,1.0,0.0,0.0,0.0,0,0,0,1,0
2642100894_4.mp4,1,1.0,0.0,0.0,0.0,0,0,0,1,0
2642100894_6.mp4,1,0.8,0.0,0.0,0.0,0,0,0,1,0
2642231102_2.mp4,1,1.0,0.0,0.0,0.0,0,0,0,0,0
2642231102_7.mp4,1,1.0,0.0,0.0,0.0,0,0,0,0,0
2642348555_2.mp4,1,0.6,0.0,1.0,0.0,0,0,0,0,0
2642348555_3.mp4,1,1.0,0.0,0.0,0.0,0,0,0,0,0
2662761604_1.mp4,1,0.6,0.0,0.0,0.0,0,0,0,0,0
2662799092_6.mp4,1,0.8,0.0,0.0,0.0,0,0,0,0,0
2663059129_3.mp4,1,0.0,0.0,0.0,0.0,0,0,0,0,0
2676810494_1.mp4,1,0.0,0.0,0.0,0.0,0,1,0,0,0
2677647990_1.mp4,1,1.0,0.0,0.0,0.0,0,0,0,0,0
2681731018_1.mp4,1,1.0,0.0,0.0,0.0,0,0,0,0,0
2681731018_3.mp4,1,1.0,0.0,0.0,0.0,0,0,0,0,0
2686955954_3.mp4,1,1.0,0.0,0.0,0.0,0,0,0,0,0
2686955954_4.mp4,1,1.0,0.0,0.0,0.0,0,0,0,0,0
2689740196_1.mp4,1,0.0,0.0,0.0,0.0,0,0,0,0,0
2689740196_6.mp4,1,1.0,1.0,0.0,0.0,0,0,0,0,0
2695467447_2.mp4,1,0.8,0.0,0.0,0.0,0,0,0,0,0
2695467447_4.mp4,1,1.0,0.0,0.0,0.0,0,0,0,0,0
2704553213_1.mp4,1,1.0,0.0,0.0,0.0,0,0,0,0,0
2704553213_5.mp4,1,1.0,0.0,0.0,0.0,0,0,0,0,0
2707801594_4.mp4,1,0.6,0.0,0.0,0.0,0,0,0,0,0
2710995011_3.mp4,1,1.0,0.0,0.0,0.0,0,0,0,0,0
2710995011_5.mp4,1,0.0,0.0,0.0,0.0,0,0,0,0,0
2710995011_6.mp4,1,0.0,0.0,1.0,0.0,0,0,0,0,0
2710995011_7.mp4,1,0.0,0.0,1.0,0.0,0,0,0,0,0
2711234014_1.mp4,1,0.0,0.0,0.0,0.0,0,0,0,0,0
2711234014_2.mp4,1,0.0,0.0,0.0,0.0,0,0,0,0,0
2719771462_1.mp4,1,0.8,0.0,0.0,0.0,0,0,0,0,0
2720757775_1.mp4,1,0.0,0.0,0.0,0.0,0,1,0,0,0
2723483296_1.mp4,1,1.0,0.0,0.0,0.0,0,0,0,0,0
2727063929_2.mp4,1,0.6,0.0,1.0,0.0,0,0,0,0,0
2728748491_1.mp4,1,1.0,0.0,0.0,0.0,0,0,0,0,0
2729789866_3.mp4,1,1.0,0.0,0.0,0.0,0,0,0,0,0
2729789866_5.mp4,1,0.8,0.0,0.0,0.0,0,0,0,0,0
2730108515_1.mp4,1,1.0,0.0,0.0,0.0,0,0,0,0,0
2730108515_5.mp4,1,1.0,0.0,0.0,0.0,0,0,0,0,0
2730649542_1.mp4,1,1.0,0.0,0.0,0.0,0,0,0,0,0
2739928304_1.mp4,1,1.0,0.0,0.0,0.0,0,0,0,0,0
2744924663_5.mp4,1,1.0,0.0,0.0,0.0,0,0,0,0,0
2750742534_1.mp4,1,1.0,0.0,0.0,0.0,0,0,0,0,0
2750742534_4.mp4,1,0.0,0.0,1.0,0.0,0,0,0,0,0
2757452666_1.mp4,1,1.0,0.0,0.0,0.0,0,0,0,0,0
2763973167_1.mp4,1,0.0,0.0,1.0,0.0,1,0,0,0,0
2763973167_3.mp4,1,0.0,1.0,0.0,0.0,0,0,0,0,1
2763973167_7.mp4,1,0.0,0.0,0.0,0.0,0,1,0,0,0
2774713866_1.mp4,1,1.0,0.0,1.0,0.0,0,0,0,0,0
2790811498_1.mp4,1,1.0,0.0,0.0,0.0,0,0,0,0,0
2802128712_1.mp4,1,1.0,0.0,0.0,0.0,0,0,0,0,0
2802640670_2.mp4,1,1.0,0.0,0.0,0.0,0,0,0,0,0
2803847907_1.mp4,1,0.0,0.0,1.0,0.0,0,0,0,0,0
2803847907_2.mp4,1,1.0,0.0,0.0,0.0,0,0,0,0,0
2803847907_3.mp4,1,0.0,0.0,0.0,0.0,0,0,0,0,1
2803847907_4.mp4,1,0.0,0.0,0.0,0.0,0,0,0,0,0
2825794399_1.mp4,1,1.0,0.0,0.0,0.0,0,0,0,0,0
2827236368_1.mp4,1,0.0,1.0,0.0,0.0,0,0,0,0,0
2827977415_1.mp4,1,1.0,0.0,0.0,0.0,0,0,0,0,0
2828997765_1.mp4,1,0.8,0.0,1.0,0.0,1,0,0,0,0
2830847878_1.mp4,1,0.0,0.0,0.0,0.0,0,0,0,0,0
2830847878_2.mp4,1,0.0,0.0,0.0,0.0,0,0,0,0,0
2845007573_1.mp4,1,0.0,0.0,0.0,0.0,0,0,0,0,0
2853778307_3.mp4,1,1.0,0.0,0.0,1.0,0,0,0,0,0
2853778307_5.mp4,1,0.0,0.0,0.0,1.0,0,1,0,0,0
2860948419_18.mp4,1,1.0,0.0,0.0,0.0,0,0,0,0,0
2860948419_19.mp4,1,1.0,0.0,0.0,0.0,0,0,0,0,0
2867194939_1.mp4,1,1.0,0.0,0.0,0.0,0,0,0,0,0
2869921959_4.mp4,1,1.0,0.0,0.0,0.0,0,0,0,0,0
2869921959_6.mp4,1,0.0,0.0,0.0,0.0,0,0,0,0,0
2869921959_8.mp4,1,0.0,0.0,0.0,0.0,0,0,0,0,0
2878402839_1.mp4,1,1.0,1.0,0.0,0.0,0,0,0,0,0
2895307144_1.mp4,1,0.0,0.0,0.0,0.0,0,0,0,0,1
2901757970_2.mp4,1,1.0,0.0,0.0,0.0,0,0,0,0,0
2901757970_4.mp4,1,0.8,0.0,0.0,0.0,0,0,0,0,0
2908408236_1.mp4,1,1.0,0.0,0.0,0.0,0,0,0,0,0
2909464555_1.mp4,1,1.0,0.0,0.0,0.0,0,0,0,0,0
2909464555_3.mp4,1,1.0,0.0,0.0,0.0,0,0,0,0,0
2915955824_1.mp4,1,1.0,0.0,0.0,0.0,0,0,0,0,0
2925105844_1.mp4,1,0.6,0.0,0.0,1.0,0,0,0,0,0
2925105844_3.mp4,1,1.0,0.0,0.0,0.0,0,0,0,0,0
2928408762_1.mp4,1,1.0,0.0,0.0,0.0,0,0,0,0,0
2935741559_1.mp4,1,1.0,0.0,0.0,0.0,0,0,0,0,0
2941578119_1.mp4,1,0.0,0.0,1.0,0.0,0,0,0,0,0
2946480722_1.mp4,1,1.0,1.0,0.0,0.0,0,0,0,0,0
2946480722_5.mp4,1,1.0,0.0,0.0,0.0,0,0,0,0,0
2946917848_1.mp4,1,0.8,1.0,0.0,0.0,0,0,0,0,0
2951934335_1.mp4,1,1.0,0.0,0.0,0.0,0,0,0,0,0
2954895190_1.mp4,1,1.0,0.0,0.0,0.0,0,0,0,0,0
2954895190_5.mp4,1,1.0,0.0,0.0,0.0,0,0,0,0,0
2969665775_1.mp4,1,0.0,0.0,0.0,0.0,1,0,0,0,0
2976905046_1.mp4,1,0.0,0.0,0.0,0.0,0,0,0,0,0
2976905046_5.mp4,1,0.0,0.0,0.0,0.0,0,0,0,0,0
2979520959_202.mp4,1,1.0,1.0,0.0,0.0,0,0,0,0,0
2979520959_204.mp4,1,1.0,1.0,0.0,0.0,0,0,0,0,0
2979520959_205.mp4,1,0.0,1.0,0.0,0.0,0,1,0,0,0
2979520959_206.mp4,1,0.0,1.0,0.0,0.0,0,1,0,0,0
2979520959_207.mp4,1,1.0,1.0,0.0,0.0,0,0,0,0,0
2982453866_3.mp4,1,1.0,1.0,0.0,0.0,0,0,0,1,0
2982453866_4.mp4,1,1.0,1.0,0.0,0.0,0,0,0,1,0
2988488928_2.mp4,1,1.0,0.0,0.0,0.0,0,0,0,0,0
2988488928_7.mp4,1,1.0,0.0,1.0,0.0,0,0,0,0,0
2994871629_2.mp4,1,1.0,1.0,0.0,0.0,0,0,0,0,0
2994871629_4.mp4,1,0.0,0.0,0.0,0.0,0,0,0,0,0
2994871629_5.mp4,1,0.8,0.0,0.0,0.0,0,0,0,0,0
2995485020_1.mp4,1,1.0,0.0,0.0,0.0,0,0,0,0,0
3013413403_1.mp4,1,1.0,0.0,0.0,0.0,0,0,0,0,0
3013413403_3.mp4,1,0.8,0.0,0.0,0.0,0,0,0,0,0
3014771163_1.mp4,1,1.0,0.0,0.0,0.0,0,0,0,0,0
3032457291_1.mp4,1,0.6,0.0,1.0,0.0,0,0,0,0,0
3036261734_1.mp4,1,1.0,0.0,1.0,0.0,1,0,0,0,0
3036261734_2.mp4,1,1.0,0.0,0.0,0.0,1,0,0,0,0
3036741133_3.mp4,1,0.8,0.0,0.0,0.0,0,0,0,0,0
3048521360_2.mp4,1,1.0,0.0,0.0,0.0,0,0,0,0,0
3049087595_1.mp4,1,0.8,0.0,1.0,0.0,0,0,0,0,0
3051975963_1.mp4,1,1.0,0.0,1.0,0.0,0,0,0,0,0
3051975963_2.mp4,1,0.4,0.0,0.0,0.0,1,0,0,0,0
3051975963_3.mp4,1,0.0,0.0,0.0,0.0,0,0,0,0,1
3055647131_4.mp4,1,1.0,0.0,0.0,0.0,0,0,0,0,0
3056290907_1.mp4,1,1.0,0.0,0.0,0.0,1,0,0,0,0
3068684367_2.mp4,1,1.0,0.0,0.0,0.0,0,0,0,0,0
3074152665_1.mp4,1,1.0,0.0,0.0,0.0,0,0,0,0,0
3074152665_3.mp4,1,0.8,0.0,0.0,0.0,0,0,0,0,0
3096748179_3.mp4,1,0.8,0.0,0.0,0.0,0,0,0,0,0
3097277479_1.mp4,1,1.0,0.0,0.0,0.0,0,0,0,0,0
3097277479_5.mp4,1,1.0,0.0,0.0,0.0,0,0,0,0,0
3111905620_1.mp4,1,1.0,0.0,0.0,0.0,0,0,0,0,0
3111905620_3.mp4,1,0.0,0.0,1.0,1.0,0,0,0,0,0
3128489494_1.mp4,1,0.0,0.0,0.0,0.0,0,0,0,0,0
3140620809_1.mp4,1,1.0,0.0,0.0,0.0,0,0,0,0,0
3140620809_3.mp4,1,0.0,0.0,1.0,0.0,0,0,0,0,0
3141127259_1.mp4,1,0.4,0.0,1.0,0.0,0,0,0,0,0
3146075369_1.mp4,1,0.0,1.0,1.0,0.0,0,0,0,0,0
3149260841_1.mp4,1,0.8,0.0,0.0,0.0,0,0,0,0,0
3152320669_1.mp4,1,0.0,0.0,1.0,0.0,0,0,0,0,0
3154725198_2.mp4,1,0.6,0.0,0.0,0.0,0,1,0,0,0
3154725198_4.mp4,1,1.0,0.0,1.0,0.0,0,0,0,0,0
3157922879_1.mp4,1,1.0,0.0,0.0,0.0,0,0,0,0,0
3157922879_3.mp4,1,0.0,0.0,0.0,0.0,0,0,0,0,0
3177305364_1.mp4,1,1.0,0.0,0.0,0.0,0,0,0,0,0
3184731814_2.mp4,1,1.0,0.0,0.0,0.0,0,0,0,0,0
3192465133_1.mp4,1,1.0,1.0,0.0,0.0,0,0,0,0,0
3192465133_2.mp4,1,1.0,1.0,0.0,0.0,0,0,0,0,0
3199227840_1.mp4,1,1.0,0.0,0.0,0.0,0,0,0,0,0
3199227840_3.mp4,1,1.0,0.0,0.0,0.0,0,0,0,0,0
3200431658_1.mp4,1,1.0,0.0,0.0,0.0,0,0,0,0,0
3200431658_2.mp4,1,0.0,0.0,0.0,0.0,0,1,0,0,0
3204799568_1.mp4,1,0.0,0.0,0.0,0.0,1,0,0,0,0
3222494581_1.mp4,1,1.0,0.0,0.0,0.0,0,0,0,0,0
3222494581_5.mp4,1,1.0,0.0,0.0,0.0,0,0,0,0,0
3222850096_3.mp4,1,0.0,0.0,1.0,0.0,0,0,0,0,0
3229479475_4.mp4,1,1.0,0.0,0.0,0.0,0,0,0,0,0
3229479475_5.mp4,1,0.0,0.0,0.0,0.0,0,1,0,0,0
3229479475_6.mp4,1,0.0,0.0,0.0,0.0,0,1,0,0,0
3235523492_1.mp4,1,1.0,1.0,0.0,0.0,0,0,0,0,0
3238427887_1.mp4,1,0.0,0.0,1.0,0.0,0,0,0,0,0
3239870034_1.mp4,1,1.0,0.0,0.0,0.0,0,0,0,0,0
3239870034_4.mp4,1,0.0,0.0,0.0,0.0,0,0,0,0,0
3248917664_1.mp4,1,0.0,0.0,0.0,0.0,1,0,0,0,0
3262705613_2.mp4,1,0.0,0.0,0.0,0.0,0,0,0,0,0
3274796601_1.mp4,1,0.4,0.0,0.0,0.0,0,0,0,0,0
3276655678_1.mp4,1,0.8,0.0,0.0,0.0,0,0,0,0,0
3282672547_1.mp4,1,0.0,0.0,0.0,0.0,0,0,0,0,0
3284255311_2.mp4,1,1.0,0.0,0.0,0.0,0,0,0,0,0
3301496208_3.mp4,1,1.0,0.0,0.0,0.0,0,0,0,0,0
3308283542_1.mp4,1,0.0,0.0,0.0,0.0,0,0,0,0,0
3313373785_4.mp4,1,0.6,0.0,1.0,0.0,0,0,0,0,0
3316993135_2.mp4,1,0.0,0.0,0.0,0.0,0,0,0,0,0
3317594708_1.mp4,1,1.0,0.0,0.0,0.0,0,0,0,0,0
3317594708_2.mp4,1,1.0,0.0,0.0,0.0,0,0,0,0,0
3317594708_3.mp4,1,0.0,0.0,1.0,0.0,0,0,0,0,0
3317594708_4.mp4,1,0.0,0.0,0.0,0.0,0,0,0,0,0
3317594708_6.mp4,1,1.0,1.0,0.0,0.0,0,0,0,0,0
3319438074_1.mp4,1,1.0,0.0,0.0,0.0,0,0,0,0,0
3319438074_4.mp4,1,1.0,0.0,0.0,0.0,0,0,0,0,0
3321913886_1.mp4,1,0.0,0.0,1.0,0.0,0,0,0,0,0
3321913886_5.mp4,1,0.6,0.0,1.0,0.0,0,0,0,0,0
3327631194_12.mp4,1,1.0,1.0,0.0,0.0,0,0,0,0,0
3327631194_3.mp4,1,1.0,0.0,0.0,0.0,0,0,0,0,0
3327631194_5.mp4,1,1.0,0.0,0.0,0.0,0,0,0,0,0
3327631194_8.mp4,1,1.0,1.0,0.0,0.0,0,0,0,0,0
3327631194_9.mp4,1,1.0,0.0,0.0,0.0,0,0,0,0,0
3334846821_1.mp4,1,0.8,0.0,0.0,0.0,0,0,0,0,0
3341107804_1.mp4,1,0.0,0.0,0.0,0.0,0,0,0,0,0
3341107804_3.mp4,1,0.8,1.0,0.0,0.0,0,0,0,1,0
3341107804_4.mp4,1,0.8,1.0,0.0,0.0,0,0,0,1,0
3341107804_6.mp4,1,0.8,1.0,0.0,0.0,0,0,0,1,0
3344431322_1.mp4,1,1.0,0.0,0.0,0.0,0,0,0,0,0
3344431322_3.mp4,1,1.0,0.0,0.0,0.0,0,0,0,0,0
3344994004_4.mp4,1,0.0,0.0,0.0,0.0,0,0,0,0,0
3344994004_5.mp4,1,0.0,0.0,0.0,0.0,0,0,0,0,0
3344994004_7.mp4,1,0.0,0.0,0.0,0.0,0,0,0,0,0
3344994004_8.mp4,1,1.0,0.0,0.0,0.0,0,1,0,0,0
3348458594_1.mp4,1,0.0,0.0,0.0,0.0,0,0,0,0,0
3348458594_3.mp4,1,0.0,0.0,0.0,0.0,0,0,0,0,0
3354883492_1.mp4,1,1.0,0.0,0.0,0.0,0,0,1,0,0
3361978373_1.mp4,1,0.6,0.0,1.0,1.0,0,0,0,0,0
3365508279_1.mp4,1,0.0,0.0,0.0,1.0,0,0,0,0,0
3365730473_2.mp4,1,0.0,0.0,0.0,0.0,0,0,0,0,0
3365730473_3.mp4,1,1.0,0.0,0.0,0.0,0,1,0,0,0
3371272424_2.mp4,1,1.0,0.0,0.0,0.0,0,0,0,0,0
3378372036_1.mp4,1,0.0,0.0,0.0,0.0,0,0,0,0,1
3378580742_2.mp4,1,1.0,0.0,0.0,0.0,1,0,0,0,0
3378580742_6.mp4,1,1.0,0.0,0.0,0.0,0,0,0,0,0
3383983434_1.mp4,1,0.8,0.0,1.0,0.0,0,0,0,0,0
3386232003_1.mp4,1,0.6,0.0,1.0,0.0,0,0,0,0,0
3386232003_3.mp4,1,1.0,0.0,0.0,0.0,0,0,0,0,0
3386232003_5.mp4,1,0.8,0.0,1.0,0.0,0,0,0,0,0
3386232003_8.mp4,1,1.0,0.0,0.0,0.0,0,0,0,0,0
3386232003_9.mp4,1,0.0,0.0,1.0,0.0,0,0,0,0,0
3387309150_2.mp4,1,0.0,0.0,0.0,1.0,0,0,0,0,0
3387309150_4.mp4,1,1.0,1.0,0.0,0.0,0,0,0,0,0
3387309150_5.mp4,1,1.0,1.0,0.0,0.0,0,0,0,0,0
3387309150_6.mp4,1,0.0,1.0,0.0,0.0,0,0,0,0,1
3399223148_2.mp4,1,1.0,1.0,0.0,0.0,0,0,0,0,0
3404666695_2.mp4,1,1.0,1.0,0.0,0.0,0,0,0,0,0
3446532904_3.mp4,1,1.0,0.0,0.0,0.0,0,0,0,0,0
3446532904_4.mp4,1,1.0,0.0,0.0,0.0,0,0,0,0,0
3529271266_2.mp4,1,1.0,0.0,0.0,0.0,0,0,0,0,0
3577324457_3.mp4,1,1.0,0.0,0.0,0.0,0,0,0,0,0
3692461502_3.mp4,1,1.0,0.0,0.0,0.0,0,0,0,0,0
3744121562_1.mp4,1,1.0,0.0,0.0,0.0,0,0,0,0,0
3895211266_1.mp4,1,1.0,1.0,0.0,0.0,0,0,0,0,0
3928581103_2.mp4,1,0.8,1.0,1.0,0.0,1,0,0,0,0
3928581103_4.mp4,1,0.0,0.0,0.0,0.0,0,0,0,0,0
3987564554_2.mp4,1,0.0,0.0,0.0,0.0,0,0,0,0,0
3999897673_1.mp4,1,1.0,0.0,0.0,0.0,0,0,0,0,0
3999897673_2.mp4,1,1.0,0.0,0.0,0.0,0,0,0,0,0
4030923250_1.mp4,1,0.8,0.0,0.0,0.0,0,0,0,0,0
4030923250_3.mp4,1,1.0,0.0,0.0,0.0,0,0,0,0,0
4189101291_1.mp4,1,1.0,0.0,0.0,0.0,0,0,0,0,0
4203303930_2.mp4,1,0.0,0.0,0.0,0.0,0,0,0,0,0
4230770772_1.mp4,1,1.0,0.0,0.0,0.0,0,0,0,0,0
4241404304_1.mp4,1,0.8,0.0,0.0,0.0,0,0,0,0,1
4245326330_3.mp4,1,1.0,0.0,0.0,0.0,0,0,0,0,0
4271428518_1.mp4,1,0.8,1.0,0.0,0.0,0,0,0,0,0
4271428518_5.mp4,1,0.0,0.0,0.0,0.0,0,0,0,0,0
4314560081_1.mp4,1,0.0,0.0,0.0,0.0,0,0,0,0,0
4314560081_4.mp4,1,1.0,0.0,0.0,0.0,0,0,0,0,0
4314560081_6.mp4,1,0.0,0.0,0.0,0.0,0,0,0,0,0
4314560081_7.mp4,1,0.0,1.0,0.0,0.0,1,0,0,0,0
4314560081_8.mp4,1,0.0,1.0,0.0,0.0,0,1,0,0,0
4372097537_1.mp4,1,1.0,0.0,0.0,0.0,0,0,0,0,0
4482529734_1.mp4,1,0.0,0.0,0.0,0.0,1,0,0,0,0
4482529734_4.mp4,1,0.8,0.0,0.0,0.0,0,0,0,0,0
4576121017_5.mp4,1,0.0,0.0,0.0,0.0,0,0,0,0,0
4612389741_1.mp4,1,1.0,0.0,0.0,0.0,0,0,0,0,0
4619682455_1.mp4,1,0.0,0.0,0.0,0.0,1,0,0,0,0
4619682455_3.mp4,1,0.4,1.0,0.0,0.0,0,0,0,0,0
4647431520_2.mp4,1,0.4,0.0,1.0,0.0,0,0,0,0,0
4711487368_1.mp4,1,1.0,0.0,0.0,0.0,0,0,0,0,0
4768985101_1.mp4,1,1.0,0.0,0.0,0.0,0,0,0,1,0
4795982357_1.mp4,1,1.0,0.0,0.0,1.0,0,0,0,0,0
4892202123_1.mp4,1,0.0,0.0,0.0,0.0,0,0,0,0,0
4896567082_1.mp4,1,0.0,0.0,0.0,0.0,0,0,0,0,0
4896567082_5.mp4,1,0.6,0.0,0.0,0.0,0,0,0,0,0
4969409899_3.mp4,1,1.0,0.0,0.0,0.0,0,0,0,0,0
5151422913_1.mp4,1,1.0,0.0,0.0,0.0,0,0,0,0,0
5171589519_1.mp4,1,0.0,0.0,0.0,0.0,0,0,0,0,0
5183670394_2.mp4,1,1.0,1.0,0.0,0.0,0,0,0,0,0
5207373915_1.mp4,1,0.8,0.0,1.0,0.0,0,0,0,0,0
5266524906_3.mp4,1,1.0,0.0,0.0,0.0,1,0,0,0,0
5266524906_5.mp4,1,1.0,0.0,0.0,0.0,1,0,0,0,0
5349694918_1.mp4,1,1.0,1.0,0.0,0.0,0,0,0,0,0
5419720668_1.mp4,1,0.0,0.0,0.0,0.0,0,0,0,0,0
5507772643_1.mp4,1,1.0,0.0,0.0,0.0,1,0,0,0,0
5514018660_4.mp4,1,0.0,0.0,0.0,0.0,0,0,0,0,1
5514018660_5.mp4,1,0.0,0.0,0.0,0.0,0,0,0,0,0
5514018660_7.mp4,1,0.4,0.0,0.0,0.0,0,0,0,0,0
5564551653_2.mp4,1,0.0,0.0,0.0,0.0,0,0,0,0,0
5564551653_7.mp4,1,1.0,0.0,0.0,0.0,0,0,0,0,0
5591644890_1.mp4,1,1.0,0.0,0.0,0.0,0,0,0,0,0
5591644890_3.mp4,1,1.0,0.0,0.0,0.0,0,0,0,0,0
5652548259_1.mp4,1,1.0,0.0,0.0,0.0,0,0,0,0,0
5652548259_2.mp4,1,1.0,0.0,0.0,0.0,0,0,0,0,0
5652548259_4.mp4,1,1.0,1.0,0.0,0.0,0,0,0,0,0
5652548259_8.mp4,1,1.0,0.0,0.0,0.0,0,0,0,0,0
5652548259_9.mp4,1,1.0,0.0,0.0,0.0,0,0,0,0,0
5658334914_1.mp4,1,1.0,0.0,0.0,0.0,0,0,0,0,0
5724027388_1.mp4,1,0.0,0.0,0.0,0.0,0,0,0,0,0
5725049388_13.mp4,1,0.4,1.0,1.0,0.0,0,0,0,0,0
5725049388_3.mp4,1,1.0,0.0,0.0,0.0,0,0,0,0,0
5730161099_1.mp4,1,0.8,0.0,0.0,0.0,0,0,0,0,0
5730161099_3.mp4,1,1.0,0.0,1.0,0.0,0,0,0,0,0
5735560753_1.mp4,1,1.0,1.0,0.0,0.0,0,0,0,0,0
5735560753_3.mp4,1,0.0,0.0,0.0,0.0,0,0,0,0,0
5735560753_5.mp4,1,0.0,0.0,0.0,0.0,0,0,0,0,0
5802971989_1.mp4,1,1.0,0.0,0.0,0.0,0,0,0,0,0
5802971989_6.mp4,1,0.6,0.0,0.0,0.0,0,0,0,0,0
5848428410_1.mp4,1,0.0,0.0,0.0,0.0,0,0,0,0,0
5848428410_2.mp4,1,1.0,1.0,0.0,0.0,0,0,0,0,0
5848428410_4.mp4,1,0.0,0.0,0.0,0.0,0,0,0,0,0
5962099068_1.mp4,1,0.0,0.0,0.0,0.0,0,0,0,0,0
5962099068_2.mp4,1,0.0,0.0,0.0,0.0,0,0,0,0,0
6047794220_3.mp4,1,0.0,0.0,0.0,0.0,0,0,0,0,0
6047794220_4.mp4,1,0.0,0.0,1.0,0.0,0,0,0,0,0
6196214093_3.mp4,1,1.0,0.0,0.0,0.0,0,0,0,0,0
6348732573_2.mp4,1,1.0,0.0,0.0,0.0,0,0,0,0,0
6360147401_1.mp4,1,1.0,0.0,0.0,0.0,0,0,0,0,0
6373077464_1.mp4,1,0.0,0.0,0.0,0.0,0,0,0,0,0
6373077464_2.mp4,1,0.6,1.0,0.0,0.0,1,0,0,0,0
6488333435_1.mp4,1,1.0,0.0,0.0,0.0,0,0,0,0,0
6569870079_5.mp4,1,0.6,0.0,0.0,0.0,0,0,0,0,0
6614472001_1.mp4,1,1.0,0.0,0.0,0.0,0,0,0,0,0
6622776917_1.mp4,1,1.0,0.0,0.0,0.0,0,0,0,0,0
6691024759_1.mp4,1,1.0,0.0,0.0,0.0,0,0,0,0,0
6702790599_1.mp4,1,1.0,0.0,0.0,0.0,0,0,0,0,0
6883895450_2.mp4,1,0.0,0.0,0.0,0.0,0,0,0,0,0
6883895450_3.mp4,1,0.0,0.0,0.0,0.0,0,0,0,0,0
6883895450_5.mp4,1,0.8,0.0,0.0,0.0,0,0,0,0,0
6994998329_3.mp4,1,1.0,0.0,0.0,0.0,0,0,0,0,0
7018962729_1.mp4,1,1.0,0.0,0.0,0.0,0,0,0,0,0
7027302628_6.mp4,1,1.0,1.0,0.0,0.0,1,0,0,0,0
7027302628_7.mp4,1,1.0,1.0,0.0,0.0,0,0,0,0,0
7051329389_2.mp4,1,0.8,0.0,0.0,0.0,0,0,0,0,0
7051329389_4.mp4,1,0.8,0.0,0.0,0.0,0,0,0,0,0
7092055708_2.mp4,1,1.0,0.0,0.0,0.0,0,0,0,0,0
7132384411_1.mp4,1,1.0,0.0,0.0,0.0,0,0,0,0,0
7154724034_3.mp4,1,1.0,0.0,0.0,0.0,0,1,0,0,0
7171402733_2.mp4,1,1.0,0.0,0.0,0.0,0,0,0,0,0
7171402733_5.mp4,1,1.0,0.0,0.0,0.0,1,0,0,0,0
7171402733_7.mp4,1,1.0,0.0,0.0,0.0,0,0,1,0,0
7171402733_9.mp4,1,1.0,0.0,0.0,0.0,0,0,1,0,0
7182296843_1.mp4,1,1.0,0.0,0.0,0.0,0,0,0,0,0
7182296843_5.mp4,1,0.8,1.0,0.0,0.0,0,0,0,0,0
7182296843_6.mp4,1,1.0,1.0,0.0,0.0,0,0,0,0,0
7186255818_1.mp4,1,0.0,0.0,0.0,0.0,0,1,0,0,0
7197263131_2.mp4,1,0.0,0.0,1.0,1.0,0,0,0,0,0
7202387277_1.mp4,1,1.0,0.0,0.0,0.0,0,0,0,0,0
7230461484_1.mp4,1,1.0,0.0,0.0,0.0,0,0,0,0,0
7230461484_2.mp4,1,1.0,0.0,0.0,0.0,0,0,0,0,0
7230461484_4.mp4,1,1.0,0.0,0.0,0.0,0,0,1,0,0
7360006285_2.mp4,1,0.0,0.0,1.0,0.0,0,1,0,0,0
7360470715_2.mp4,1,0.6,0.0,1.0,0.0,0,0,0,0,0
7360470715_4.mp4,1,0.0,0.0,1.0,0.0,0,0,0,0,0
7372791959_1.mp4,1,1.0,0.0,0.0,0.0,0,0,0,0,0
7495261681_1.mp4,1,1.0,1.0,0.0,0.0,0,0,0,0,0
7495261681_3.mp4,1,1.0,1.0,0.0,0.0,1,0,0,0,0
7495261681_4.mp4,1,1.0,1.0,0.0,0.0,1,0,0,0,0
7720611977_1.mp4,1,1.0,1.0,0.0,0.0,0,0,0,0,0
7729747530_1.mp4,1,1.0,0.0,0.0,0.0,0,0,0,0,0
7847499337_2.mp4,1,1.0,1.0,0.0,0.0,0,0,0,0,0
7847499337_7.mp4,1,1.0,1.0,0.0,0.0,0,0,0,0,0
7881544429_1.mp4,1,0.8,0.0,0.0,0.0,0,0,0,0,0
8008489334_1.mp4,1,0.8,0.0,0.0,0.0,0,0,0,0,0
8010139642_1.mp4,1,0.4,0.0,1.0,0.0,0,0,0,0,0
8010139642_2.mp4,1,0.4,0.0,0.0,0.0,0,0,0,0,0
8015632829_1.mp4,1,1.0,1.0,0.0,0.0,0,0,0,0,0
8054244662_3.mp4,1,1.0,1.0,1.0,0.0,0,0,0,0,0
8127049297_1.mp4,1,0.6,0.0,0.0,0.0,0,0,0,1,0
8127049297_3.mp4,1,1.0,1.0,0.0,0.0,1,0,0,1,0
8208362080_4.mp4,1,1.0,0.0,0.0,0.0,0,0,0,0,0
8208362080_7.mp4,1,0.6,0.0,0.0,0.0,0,0,0,0,0
8220454031_1.mp4,1,1.0,0.0,0.0,0.0,1,0,0,0,0
8220534755_3.mp4,1,1.0,0.0,0.0,0.0,0,0,0,0,0
8268360390_2.mp4,1,1.0,0.0,0.0,0.0,0,0,0,0,0
8285209056_1.mp4,1,0.8,0.0,0.0,0.0,1,0,0,0,0
8457862336_1.mp4,1,0.6,1.0,1.0,0.0,0,0,0,0,0
8457862336_2.mp4,1,0.8,1.0,0.0,0.0,0,0,0,0,0
8471918802_1.mp4,1,1.0,1.0,0.0,0.0,0,0,0,0,0
8471918802_4.mp4,1,1.0,0.0,0.0,0.0,0,0,0,0,0
8486007747_1.mp4,1,1.0,0.0,0.0,0.0,0,0,0,0,0
8486007747_2.mp4,1,1.0,0.0,0.0,0.0,0,0,0,0,0
8537976107_2.mp4,1,1.0,0.0,0.0,0.0,0,0,0,0,0
8539619074_2.mp4,1,1.0,0.0,0.0,0.0,0,0,0,0,0
8539619074_6.mp4,1,0.8,0.0,0.0,0.0,0,0,0,0,1
8540766793_2.mp4,1,1.0,0.0,0.0,0.0,0,0,0,0,0
8540766793_4.mp4,1,1.0,0.0,0.0,0.0,0,0,0,0,0
8552620396_1.mp4,1,1.0,0.0,0.0,0.0,0,0,0,0,0
8609171331_2.mp4,1,1.0,0.0,0.0,0.0,0,0,0,0,0
8622376888_1.mp4,1,0.8,0.0,0.0,0.0,0,0,0,0,0
8622376888_3.mp4,1,0.8,0.0,0.0,0.0,0,0,0,0,0
8713217444_1.mp4,1,1.0,0.0,0.0,0.0,0,0,0,0,0
8814220722_1.mp4,1,1.0,0.0,0.0,0.0,0,0,0,0,0
8856928158_1.mp4,1,0.0,0.0,0.0,0.0,0,1,0,0,0
8856928158_2.mp4,1,0.0,0.0,0.0,0.0,0,0,0,0,0
8865010402_2.mp4,1,0.0,0.0,0.0,0.0,0,0,0,0,0
8865010402_3.mp4,1,0.8,0.0,0.0,0.0,0,0,0,0,0
8875809705_2.mp4,1,1.0,0.0,0.0,0.0,0,0,0,1,0
8877795247_3.mp4,1,1.0,0.0,0.0,0.0,0,0,0,0,0
8877795247_5.mp4,1,1.0,0.0,0.0,0.0,0,0,0,0,0
8877795247_6.mp4,1,1.0,0.0,0.0,0.0,0,0,0,0,0
8899456174_2.mp4,1,1.0,0.0,0.0,0.0,0,0,0,0,0
9037422031_1.mp4,1,1.0,0.0,0.0,0.0,0,0,0,0,0
9099811939_1.mp4,1,1.0,0.0,0.0,0.0,0,0,0,0,0
9214118356_1.mp4,1,1.0,0.0,0.0,0.0,0,0,0,0,0
9214118356_3.mp4,1,1.0,0.0,0.0,0.0,0,0,0,0,0
9240636642_1.mp4,1,0.8,0.0,0.0,0.0,0,0,0,0,0
9240636642_3.mp4,1,0.0,0.0,0.0,0.0,0,0,0,0,0
9326178090_2.mp4,1,0.0,0.0,0.0,0.0,0,0,0,0,0
9326178090_3.mp4,1,0.8,0.0,0.0,0.0,0,0,0,0,0
9413338203_3.mp4,1,1.0,0.0,0.0,0.0,0,0,0,0,0
9450379844_3.mp4,1,1.0,0.0,0.0,0.0,0,0,0,0,0
9553461754_1.mp4,1,0.0,0.0,0.0,0.0,0,0,0,0,0
9616380534_1.mp4,1,1.0,0.0,0.0,0.0,0,0,0,0,0
9616380534_2.mp4,1,1.0,0.0,0.0,0.0,0,0,0,0,0
9685702289_3.mp4,1,1.0,0.0,0.0,0.0,0,0,0,0,0
9735614160_1.mp4,1,1.0,0.0,0.0,0.0,0,0,0,0,0
9835189779_3.mp4,1,1.0,0.0,0.0,0.0,1,0,0,0,0
9835189779_4.mp4,1,1.0,0.0,0.0,0.0,1,0,0,0,0
9839869285_1.mp4,1,0.0,1.0,1.0,0.0,0,0,0,0,0
9839869285_2.mp4,1,0.0,0.0,0.0,0.0,0,0,0,0,0
9874895239_1.mp4,1,1.0,0.0,0.0,0.0,0,0,0,0,0
9908293473_2.mp4,1,1.0,0.0,0.0,0.0,1,0,0,0,0
9926800545_1.mp4,1,0.4,0.0,0.0,0.0,0,0,0,0,0
9977289417_1.mp4,1,0.8,0.0,0.0,0.0,0,1,0,0,0
9998358938_1.mp4,1,0.6,0.0,1.0,0.0,1,0,0,0,0
